Source,Target,Type,Id,Label,Weight,d1
Video Game Designer,Aaa (Video Game Industry),Directed,5536,,1,0
Video Game Designer,Advergame,Directed,5537,,1,0
Video Game Designer,Advertising In Video Games,Directed,5538,,1,0
Video Game Designer,Algorithm Design,Directed,5539,,1,0
Video Game Designer,Arcade Video Game,Directed,5540,,1,0
Video Game Designer,Art Game,Directed,5541,,1,0
Video Game Designer,Artificial Intelligence In Video Games,Directed,5542,,1,0
Video Game Designer,Battle Pass,Directed,5543,,1,0
Video Game Designer,Bonus Stage,Directed,5544,,1,0
Video Game Designer,Buy-To-Play,Directed,5545,,1,0
Video Game Designer,Capture The Flag,Directed,5546,,1,0
Video Game Designer,Casual Game,Directed,5547,,1,0
Video Game Designer,Character Creation,Directed,5548,,1,0
Video Game Designer,Cloud Gaming,Directed,5549,,1,0
Video Game Designer,Cooperative Video Game,Directed,5550,,1,0
Video Game Designer,Copy Protection,Directed,5551,,1,0
Video Game Designer,Critical Hit,Directed,5552,,1,0
Video Game Designer,Crowdfunding In Video Games,Directed,5553,,1,0
Video Game Designer,Cutscene,Directed,5554,,1,0
Video Game Designer,Deathmatch (Video Games),Directed,5555,,1,0
Video Game Designer,Dialogue Tree,Directed,5556,,1,0
Video Game Designer,Digital Distribution Of Video Games,Directed,5557,,1,0
Video Game Designer,Digital Rights Management,Directed,5558,,1,0
Video Game Designer,Downloadable Content,Directed,5559,,1,0
Video Game Designer,Early Access,Directed,5560,,1,0
Video Game Designer,Educational Video Game,Directed,5561,,1,0
Video Game Designer,Electronic Arts,Directed,5562,,1,0
Video Game Designer,Electronic Design Automation,Directed,5563,,1,0
Video Game Designer,Emergent Gameplay,Directed,5564,,1,0
Video Game Designer,Episodic Video Game,Directed,5565,,1,0
Video Game Designer,Exergaming,Directed,5566,,1,0
Video Game Designer,Expansion Pack,Directed,5567,,1,0
Video Game Designer,Experience Point,Directed,5568,,1,0
Video Game Designer,Fighting Game,Directed,5569,,1,0
Video Game Designer,Fog Of War,Directed,5570,,1,0
Video Game Designer,Form Factor (Design),Directed,5571,,1,0
Video Game Designer,Free-To-Play,Directed,5572,,1,0
Video Game Designer,Gacha Game,Directed,5573,,1,0
Video Game Designer,Gamasutra,Directed,5574,,1,0
Video Game Designer,Gamespot,Directed,5575,,1,0
Video Game Designer,Game Art Design,Directed,5576,,1,0
Video Game Designer,Game Creation System,Directed,5577,,1,0
Video Game Designer,Game Design,Directed,5578,,1,0
Video Game Designer,Game Engine,Directed,5579,,1,0
Video Game Designer,Game Mechanics,Directed,5580,,1,0
Video Game Designer,Game Over,Directed,5581,,1,0
Video Game Designer,Game Studies,Directed,5582,,1,0
Video Game Designer,Game Testing,Directed,5583,,1,0
Video Game Designer,Gameplay,Directed,5584,,1,0
Video Game Designer,Glossary Of Video Game Terms,Directed,5585,,1,0
Video Game Designer,Hud (Video Gaming),Directed,5586,,1,0
Video Game Designer,Isbn (Identifier),Directed,5587,,1,0
Video Game Designer,In-Game Advertising,Directed,5588,,1,0
Video Game Designer,In-Game Currency,Directed,5589,,1,0
Video Game Designer,Indie Game,Directed,5590,,1,0
Video Game Designer,Instance Dungeon,Directed,5591,,1,0
Video Game Designer,Intellectual Property Protection Of Video Games,Directed,5592,,1,0
Video Game Designer,Interaction Design,Directed,5593,,1,0
Video Game Designer,Interactive Movie,Directed,5594,,1,0
Video Game Designer,Invisible Wall,Directed,5595,,1,0
Video Game Designer,King Of The Hill (Game),Directed,5596,,1,0
Video Game Designer,Level (Video Games),Directed,5597,,1,0
Video Game Designer,Life (Video Games),Directed,5598,,1,0
Video Game Designer,Live Service Game,Directed,5599,,1,0
Video Game Designer,Loot Box,Directed,5600,,1,0
Video Game Designer,Massively Multiplayer Online Role-Playing Game,Directed,5601,,1,0
Video Game Designer,Microtransactions,Directed,5602,,1,0
Video Game Designer,Mini-Map,Directed,5603,,1,0
Video Game Designer,Minigame,Directed,5604,,1,0
Video Game Designer,Multiplayer Video Game,Directed,5605,,1,0
Video Game Designer,New Game Plus,Directed,5606,,1,0
Video Game Designer,Non-Game,Directed,5607,,1,0
Video Game Designer,Non-Player Character,Directed,5608,,1,0
Video Game Designer,Nonlinear Gameplay,Directed,5609,,1,0
Video Game Designer,Nonviolent Video Game,Directed,5610,,1,0
Video Game Designer,Open World,Directed,5611,,1,0
Video Game Designer,Overworld,Directed,5612,,1,0
Video Game Designer,Permadeath,Directed,5613,,1,0
Video Game Designer,Persistent World,Directed,5614,,1,0
Video Game Designer,Player Character,Directed,5615,,1,0
Video Game Designer,Player Versus Environment,Directed,5616,,1,0
Video Game Designer,Player Versus Player,Directed,5617,,1,0
Video Game Designer,Power-Up,Directed,5618,,1,0
Video Game Designer,Quest (Gaming),Directed,5619,,1,0
Video Game Designer,Quick Time Event,Directed,5620,,1,0
Video Game Designer,Raid (Gaming),Directed,5621,,1,0
Video Game Designer,Random Encounter,Directed,5622,,1,0
Video Game Designer,Rocket Jumping,Directed,5623,,1,0
Video Game Designer,Saved Game,Directed,5624,,1,0
Video Game Designer,Scripting Language,Directed,5625,,1,0
Video Game Designer,Season Pass (Video Games),Directed,5626,,1,0
Video Game Designer,Serious Game,Directed,5627,,1,0
Video Game Designer,Sex And Nudity In Video Games,Directed,5628,,1,0
Video Game Designer,Single-Player Video Game,Directed,5629,,1,0
Video Game Designer,Software Design,Directed,5630,,1,0
Video Game Designer,Status Effect,Directed,5631,,1,0
Video Game Designer,Twitch Gameplay,Directed,5632,,1,0
Video Game Designer,Video Game,Directed,5633,,1,0
Video Game Designer,Video Game Accessory,Directed,5634,,1,0
Video Game Designer,Video Game Bot,Directed,5635,,1,0
Video Game Designer,Video Game Censorship,Directed,5636,,1,0
Video Game Designer,Video Game Clone,Directed,5637,,1,0
Video Game Designer,Video Game Console,Directed,5638,,1,0
Video Game Designer,Video Game Content Rating System,Directed,5639,,1,0
Video Game Designer,Video Game Developer,Directed,5640,,1,0
Video Game Designer,Video Game Development,Directed,5641,,1,0
Video Game Designer,Video Game Graphics,Directed,5642,,1,0
Video Game Designer,Video Game Industry,Directed,5643,,1,0
Video Game Designer,Video Game Journalism,Directed,5644,,1,0
Video Game Designer,Video Game Localization,Directed,5645,,1,0
Video Game Designer,Video Game Monetization,Directed,5646,,1,0
Video Game Designer,Video Game Music,Directed,5647,,1,0
Video Game Designer,Video Game Piracy,Directed,5648,,1,0
Video Game Designer,Video Game Producer,Directed,5649,,1,0
Video Game Designer,Video Game Programmer,Directed,5650,,1,0
Video Game Designer,Video Game Programming,Directed,5651,,1,0
Video Game Designer,Video Game Publisher,Directed,5652,,1,0
Video Game Designer,Video Game Publishing,Directed,5653,,1,0
Video Game Designer,Video Games In China,Directed,5654,,1,0
Video Game Designer,Video Games In Japan,Directed,5655,,1,0
Video Game Designer,Video Games In South Korea,Directed,5656,,1,0
Video Game Designer,Video Games In The United States,Directed,5657,,1,0
Video Game Designer,Virtual Economy,Directed,5658,,1,0
Video Game Designer,Virtual World,Directed,5659,,1,0
Video Game Designer,Visualization (Graphics),Directed,5660,,1,0
Video Game Designer,Wayback Machine,Directed,5661,,1,0
Massively Multiplayer Online Role-Playing Game,4X,Directed,5662,,1,0
Massively Multiplayer Online Role-Playing Game,Aaa (Video Game Industry),Directed,5663,,1,0
Massively Multiplayer Online Role-Playing Game,Action-Adventure Game,Directed,5664,,1,0
Massively Multiplayer Online Role-Playing Game,Action Game,Directed,5665,,1,0
Massively Multiplayer Online Role-Playing Game,Action Role-Playing Game,Directed,5666,,1,0
Massively Multiplayer Online Role-Playing Game,Adventure Game,Directed,5667,,1,0
Massively Multiplayer Online Role-Playing Game,Advergame,Directed,5668,,1,0
Massively Multiplayer Online Role-Playing Game,Age Of Conan,Directed,5669,,1,0
Massively Multiplayer Online Role-Playing Game,Arena Shooter,Directed,5670,,1,0
Massively Multiplayer Online Role-Playing Game,Art Game,Directed,5671,,1,0
Massively Multiplayer Online Role-Playing Game,Artillery Game,Directed,5672,,1,0
Massively Multiplayer Online Role-Playing Game,Augmented Reality,Directed,5673,,1,0
Massively Multiplayer Online Role-Playing Game,Auto Battler,Directed,5674,,1,0
Massively Multiplayer Online Role-Playing Game,Battle Royale Game,Directed,5675,,1,0
Massively Multiplayer Online Role-Playing Game,Beat 'Em Up,Directed,5676,,1,0
Massively Multiplayer Online Role-Playing Game,Bishōjo Game,Directed,5677,,1,0
Massively Multiplayer Online Role-Playing Game,Blizzard Entertainment,Directed,5678,,1,0
Massively Multiplayer Online Role-Playing Game,Browser Game,Directed,5679,,1,0
Massively Multiplayer Online Role-Playing Game,Bullet Hell,Directed,5680,,1,0
Massively Multiplayer Online Role-Playing Game,Business Simulation Game,Directed,5681,,1,0
Massively Multiplayer Online Role-Playing Game,Casual Game,Directed,5682,,1,0
Massively Multiplayer Online Role-Playing Game,Character Creation,Directed,5683,,1,0
Massively Multiplayer Online Role-Playing Game,Cheating In Online Games,Directed,5684,,1,0
Massively Multiplayer Online Role-Playing Game,Christian Video Game,Directed,5685,,1,0
Massively Multiplayer Online Role-Playing Game,City-Building Game,Directed,5686,,1,0
Massively Multiplayer Online Role-Playing Game,Climate Change Video Game,Directed,5687,,1,0
Massively Multiplayer Online Role-Playing Game,Combat Flight Simulation Game,Directed,5688,,1,0
Massively Multiplayer Online Role-Playing Game,Comedy In Video Games,Directed,5689,,1,0
Massively Multiplayer Online Role-Playing Game,Computer Wargame,Directed,5690,,1,0
Massively Multiplayer Online Role-Playing Game,Construction And Management Simulation,Directed,5691,,1,0
Massively Multiplayer Online Role-Playing Game,Cooperative Video Game,Directed,5692,,1,0
Massively Multiplayer Online Role-Playing Game,Cozy Game,Directed,5693,,1,0
Massively Multiplayer Online Role-Playing Game,Dating Sim,Directed,5694,,1,0
Massively Multiplayer Online Role-Playing Game,Deck-Building Game,Directed,5695,,1,0
Massively Multiplayer Online Role-Playing Game,Dialogue Tree,Directed,5696,,1,0
Massively Multiplayer Online Role-Playing Game,Digital Collectible Card Game,Directed,5697,,1,0
Massively Multiplayer Online Role-Playing Game,Digital Tabletop Game,Directed,5698,,1,0
Massively Multiplayer Online Role-Playing Game,Doi (Identifier),Directed,5699,,1,0
Massively Multiplayer Online Role-Playing Game,Doujin Soft,Directed,5700,,1,0
Massively Multiplayer Online Role-Playing Game,Dreamcast,Directed,5701,,1,0
Massively Multiplayer Online Role-Playing Game,Dungeon Crawl,Directed,5702,,1,0
Massively Multiplayer Online Role-Playing Game,Dungeons & Dragons,Directed,5703,,1,0
Massively Multiplayer Online Role-Playing Game,Eve Online,Directed,5704,,1,0
Massively Multiplayer Online Role-Playing Game,Educational Video Game,Directed,5705,,1,0
Massively Multiplayer Online Role-Playing Game,Emergent Gameplay,Directed,5706,,1,0
Massively Multiplayer Online Role-Playing Game,Endless Runner,Directed,5707,,1,0
Massively Multiplayer Online Role-Playing Game,Eroge,Directed,5708,,1,0
Massively Multiplayer Online Role-Playing Game,Escape Room Video Game,Directed,5709,,1,0
Massively Multiplayer Online Role-Playing Game,Esports,Directed,5710,,1,0
Massively Multiplayer Online Role-Playing Game,Everquest,Directed,5711,,1,0
Massively Multiplayer Online Role-Playing Game,Falling-Sand Game,Directed,5712,,1,0
Massively Multiplayer Online Role-Playing Game,Fan Game,Directed,5713,,1,0
Massively Multiplayer Online Role-Playing Game,Fantasy,Directed,5714,,1,0
Massively Multiplayer Online Role-Playing Game,Farm Life Sim,Directed,5715,,1,0
Massively Multiplayer Online Role-Playing Game,Fighting Game,Directed,5716,,1,0
Massively Multiplayer Online Role-Playing Game,Final Fantasy Xi,Directed,5717,,1,0
Massively Multiplayer Online Role-Playing Game,First-Person Shooter,Directed,5718,,1,0
Massively Multiplayer Online Role-Playing Game,Fishing Video Game,Directed,5719,,1,0
Massively Multiplayer Online Role-Playing Game,Fitness Game,Directed,5720,,1,0
Massively Multiplayer Online Role-Playing Game,Flight Simulation Video Game,Directed,5721,,1,0
Massively Multiplayer Online Role-Playing Game,Free-To-Play,Directed,5722,,1,0
Massively Multiplayer Online Role-Playing Game,Full-Motion Video,Directed,5723,,1,0
Massively Multiplayer Online Role-Playing Game,Gacha Game,Directed,5724,,1,0
Massively Multiplayer Online Role-Playing Game,Girls' Video Games,Directed,5725,,1,0
Massively Multiplayer Online Role-Playing Game,God Game,Directed,5726,,1,0
Massively Multiplayer Online Role-Playing Game,Government Simulation Game,Directed,5727,,1,0
Massively Multiplayer Online Role-Playing Game,Grand Theft Auto Clone,Directed,5728,,1,0
Massively Multiplayer Online Role-Playing Game,Grand Strategy Wargame,Directed,5729,,1,0
Massively Multiplayer Online Role-Playing Game,Guild Wars,Directed,5730,,1,0
Massively Multiplayer Online Role-Playing Game,Hack And Slash,Directed,5731,,1,0
Massively Multiplayer Online Role-Playing Game,Hero Shooter,Directed,5732,,1,0
Massively Multiplayer Online Role-Playing Game,Hidden Object Game,Directed,5733,,1,0
Massively Multiplayer Online Role-Playing Game,History Of Massively Multiplayer Online Games,Directed,5734,,1,0
Massively Multiplayer Online Role-Playing Game,History Of Online Games,Directed,5735,,1,0
Massively Multiplayer Online Role-Playing Game,Horror Game,Directed,5736,,1,0
Massively Multiplayer Online Role-Playing Game,Hypercasual Game,Directed,5737,,1,0
Massively Multiplayer Online Role-Playing Game,Isbn (Identifier),Directed,5738,,1,0
Massively Multiplayer Online Role-Playing Game,Issn (Identifier),Directed,5739,,1,0
Massively Multiplayer Online Role-Playing Game,Immersive Sim,Directed,5740,,1,0
Massively Multiplayer Online Role-Playing Game,Incremental Game,Directed,5741,,1,0
Massively Multiplayer Online Role-Playing Game,Indie Game,Directed,5742,,1,0
Massively Multiplayer Online Role-Playing Game,Ingress (Video Game),Directed,5743,,1,0
Massively Multiplayer Online Role-Playing Game,Interactive Fiction,Directed,5744,,1,0
Massively Multiplayer Online Role-Playing Game,Interactive Film,Directed,5745,,1,0
Massively Multiplayer Online Role-Playing Game,Kaizo,Directed,5746,,1,0
Massively Multiplayer Online Role-Playing Game,Kart Racing Game,Directed,5747,,1,0
Massively Multiplayer Online Role-Playing Game,Lag (Video Games),Directed,5748,,1,0
Massively Multiplayer Online Role-Playing Game,Licensed Game,Directed,5749,,1,0
Massively Multiplayer Online Role-Playing Game,Life Simulation Game,Directed,5750,,1,0
Massively Multiplayer Online Role-Playing Game,Light Gun Shooter,Directed,5751,,1,0
Massively Multiplayer Online Role-Playing Game,Lists Of Video Games,Directed,5752,,1,0
Massively Multiplayer Online Role-Playing Game,Looter Shooter,Directed,5753,,1,0
Massively Multiplayer Online Role-Playing Game,Lunar Lander (Video Game Genre),Directed,5754,,1,0
Massively Multiplayer Online Role-Playing Game,Masocore,Directed,5755,,1,0
Massively Multiplayer Online Role-Playing Game,Massively Multiplayer,Directed,5756,,1,0
Massively Multiplayer Online Role-Playing Game,Massively Multiplayer Online First-Person Shooter Game,Directed,5757,,1,0
Massively Multiplayer Online Role-Playing Game,Massively Multiplayer Online Game,Directed,5758,,1,0
Massively Multiplayer Online Role-Playing Game,Massively Multiplayer Online Real-Time Strategy Game,Directed,5759,,1,0
Massively Multiplayer Online Role-Playing Game,Maze Video Game,Directed,5760,,1,0
Massively Multiplayer Online Role-Playing Game,Metroidvania,Directed,5761,,1,0
Massively Multiplayer Online Role-Playing Game,Microtransactions,Directed,5762,,1,0
Massively Multiplayer Online Role-Playing Game,Minigame,Directed,5763,,1,0
Massively Multiplayer Online Role-Playing Game,Mob (Computer Gaming),Directed,5764,,1,0
Massively Multiplayer Online Role-Playing Game,Monster-Taming Game,Directed,5765,,1,0
Massively Multiplayer Online Role-Playing Game,Multi-User Dungeon,Directed,5766,,1,0
Massively Multiplayer Online Role-Playing Game,Multiplayer Online Battle Arena,Directed,5767,,1,0
Massively Multiplayer Online Role-Playing Game,Multiplayer Video Game,Directed,5768,,1,0
Massively Multiplayer Online Role-Playing Game,Music Video Game,Directed,5769,,1,0
Massively Multiplayer Online Role-Playing Game,Newsgame,Directed,5770,,1,0
Massively Multiplayer Online Role-Playing Game,Non-Game,Directed,5771,,1,0
Massively Multiplayer Online Role-Playing Game,Non-Player Character,Directed,5772,,1,0
Massively Multiplayer Online Role-Playing Game,Nonlinear Gameplay,Directed,5773,,1,0
Massively Multiplayer Online Role-Playing Game,Nonviolent Video Game,Directed,5774,,1,0
Massively Multiplayer Online Role-Playing Game,Online Game,Directed,5775,,1,0
Massively Multiplayer Online Role-Playing Game,Open-Source Software,Directed,5776,,1,0
Massively Multiplayer Online Role-Playing Game,Open World,Directed,5777,,1,0
Massively Multiplayer Online Role-Playing Game,Otome Game,Directed,5778,,1,0
Massively Multiplayer Online Role-Playing Game,Party Video Game,Directed,5779,,1,0
Massively Multiplayer Online Role-Playing Game,Persistent World,Directed,5780,,1,0
Massively Multiplayer Online Role-Playing Game,Personalized Video Game,Directed,5781,,1,0
Massively Multiplayer Online Role-Playing Game,Phantasy Star Online,Directed,5782,,1,0
Massively Multiplayer Online Role-Playing Game,Photography Game,Directed,5783,,1,0
Massively Multiplayer Online Role-Playing Game,Platform Fighter,Directed,5784,,1,0
Massively Multiplayer Online Role-Playing Game,Platformer,Directed,5785,,1,0
Massively Multiplayer Online Role-Playing Game,Playstation 2,Directed,5786,,1,0
Massively Multiplayer Online Role-Playing Game,Player Character,Directed,5787,,1,0
Massively Multiplayer Online Role-Playing Game,Player Versus Player,Directed,5788,,1,0
Massively Multiplayer Online Role-Playing Game,Programming Game,Directed,5789,,1,0
Massively Multiplayer Online Role-Playing Game,Puzzle Video Game,Directed,5790,,1,0
Massively Multiplayer Online Role-Playing Game,Quest (Gaming),Directed,5791,,1,0
Massively Multiplayer Online Role-Playing Game,Quest (Video Games),Directed,5792,,1,0
Massively Multiplayer Online Role-Playing Game,Racing Game,Directed,5793,,1,0
Massively Multiplayer Online Role-Playing Game,Raid (Gaming),Directed,5794,,1,0
Massively Multiplayer Online Role-Playing Game,Rail Shooter,Directed,5795,,1,0
Massively Multiplayer Online Role-Playing Game,Raph Koster,Directed,5796,,1,0
Massively Multiplayer Online Role-Playing Game,Real-Time Strategy,Directed,5797,,1,0
Massively Multiplayer Online Role-Playing Game,Real-Time Tactics,Directed,5798,,1,0
Massively Multiplayer Online Role-Playing Game,Rhythm Game,Directed,5799,,1,0
Massively Multiplayer Online Role-Playing Game,Richard Garriott,Directed,5800,,1,0
Massively Multiplayer Online Role-Playing Game,Roguelike,Directed,5801,,1,0
Massively Multiplayer Online Role-Playing Game,Roguelike Deck-Building Game,Directed,5802,,1,0
Massively Multiplayer Online Role-Playing Game,Role-Playing Video Game,Directed,5803,,1,0
Massively Multiplayer Online Role-Playing Game,Runescape,Directed,5804,,1,0
Massively Multiplayer Online Role-Playing Game,S2Cid (Identifier),Directed,5805,,1,0
Massively Multiplayer Online Role-Playing Game,Sandbox Game,Directed,5806,,1,0
Massively Multiplayer Online Role-Playing Game,Science-Fiction,Directed,5807,,1,0
Massively Multiplayer Online Role-Playing Game,Science Fiction Video Game,Directed,5808,,1,0
Massively Multiplayer Online Role-Playing Game,Second Life,Directed,5809,,1,0
Massively Multiplayer Online Role-Playing Game,Serious Game,Directed,5810,,1,0
Massively Multiplayer Online Role-Playing Game,Sexual Content In Video Games,Directed,5811,,1,0
Massively Multiplayer Online Role-Playing Game,Shoot 'Em Up,Directed,5812,,1,0
Massively Multiplayer Online Role-Playing Game,Shooter Game,Directed,5813,,1,0
Massively Multiplayer Online Role-Playing Game,Side-Scrolling Video Game,Directed,5814,,1,0
Massively Multiplayer Online Role-Playing Game,Sim Racing,Directed,5815,,1,0
Massively Multiplayer Online Role-Playing Game,Simulation Video Game,Directed,5816,,1,0
Massively Multiplayer Online Role-Playing Game,Single-Player Video Game,Directed,5817,,1,0
Massively Multiplayer Online Role-Playing Game,Smartphone,Directed,5818,,1,0
Massively Multiplayer Online Role-Playing Game,Snake (Video Game Genre),Directed,5819,,1,0
Massively Multiplayer Online Role-Playing Game,Social Interaction In Mmorpgs,Directed,5820,,1,0
Massively Multiplayer Online Role-Playing Game,Social Networking Service,Directed,5821,,1,0
Massively Multiplayer Online Role-Playing Game,Social Simulation Game,Directed,5822,,1,0
Massively Multiplayer Online Role-Playing Game,Soulslike,Directed,5823,,1,0
Massively Multiplayer Online Role-Playing Game,Space Flight Simulation Game,Directed,5824,,1,0
Massively Multiplayer Online Role-Playing Game,Sports Video Game,Directed,5825,,1,0
Massively Multiplayer Online Role-Playing Game,Statistic (Role-Playing Games),Directed,5826,,1,0
Massively Multiplayer Online Role-Playing Game,Stealth Game,Directed,5827,,1,0
Massively Multiplayer Online Role-Playing Game,Strategy Video Game,Directed,5828,,1,0
Massively Multiplayer Online Role-Playing Game,Submarine Simulator,Directed,5829,,1,0
Massively Multiplayer Online Role-Playing Game,Survival Game,Directed,5830,,1,0
Massively Multiplayer Online Role-Playing Game,Survival Horror,Directed,5831,,1,0
Massively Multiplayer Online Role-Playing Game,Tactical Role-Playing Game,Directed,5832,,1,0
Massively Multiplayer Online Role-Playing Game,Tactical Shooter,Directed,5833,,1,0
Massively Multiplayer Online Role-Playing Game,The Realm Online,Directed,5834,,1,0
Massively Multiplayer Online Role-Playing Game,Third-Person Shooter,Directed,5835,,1,0
Massively Multiplayer Online Role-Playing Game,Tile-Matching Video Game,Directed,5836,,1,0
Massively Multiplayer Online Role-Playing Game,Time Management Game,Directed,5837,,1,0
Massively Multiplayer Online Role-Playing Game,Tower Defense,Directed,5838,,1,0
Massively Multiplayer Online Role-Playing Game,Toys-To-Life,Directed,5839,,1,0
Massively Multiplayer Online Role-Playing Game,Train Simulator,Directed,5840,,1,0
Massively Multiplayer Online Role-Playing Game,Turn-Based Role-Playing Game,Directed,5841,,1,0
Massively Multiplayer Online Role-Playing Game,Turn-Based Strategy,Directed,5842,,1,0
Massively Multiplayer Online Role-Playing Game,Turn-Based Tactics,Directed,5843,,1,0
Massively Multiplayer Online Role-Playing Game,Twin-Stick Shooter,Directed,5844,,1,0
Massively Multiplayer Online Role-Playing Game,Twitch Gameplay,Directed,5845,,1,0
Massively Multiplayer Online Role-Playing Game,Typing Game,Directed,5846,,1,0
Massively Multiplayer Online Role-Playing Game,User-Generated Content,Directed,5847,,1,0
Massively Multiplayer Online Role-Playing Game,Vampire Survivors-Like,Directed,5848,,1,0
Massively Multiplayer Online Role-Playing Game,Vehicle Simulation Game,Directed,5849,,1,0
Massively Multiplayer Online Role-Playing Game,Vehicular Combat Game,Directed,5850,,1,0
Massively Multiplayer Online Role-Playing Game,Vertically Scrolling Video Game,Directed,5851,,1,0
Massively Multiplayer Online Role-Playing Game,Video Game,Directed,5852,,1,0
Massively Multiplayer Online Role-Playing Game,Video Game Clone,Directed,5853,,1,0
Massively Multiplayer Online Role-Playing Game,Video Game Console,Directed,5854,,1,0
Massively Multiplayer Online Role-Playing Game,Video Game Genre,Directed,5855,,1,0
Massively Multiplayer Online Role-Playing Game,Video Game Modding,Directed,5856,,1,0
Massively Multiplayer Online Role-Playing Game,Video Game Publisher,Directed,5857,,1,0
Massively Multiplayer Online Role-Playing Game,Video Game Remake,Directed,5858,,1,0
Massively Multiplayer Online Role-Playing Game,Virtual Economy,Directed,5859,,1,0
Massively Multiplayer Online Role-Playing Game,Virtual Pet,Directed,5860,,1,0
Massively Multiplayer Online Role-Playing Game,Virtual Tax,Directed,5861,,1,0
Massively Multiplayer Online Role-Playing Game,Virtual World,Directed,5862,,1,0
Massively Multiplayer Online Role-Playing Game,Visual Novel,Directed,5863,,1,0
Massively Multiplayer Online Role-Playing Game,Walking Simulator,Directed,5864,,1,0
Massively Multiplayer Online Role-Playing Game,Wayback Machine,Directed,5865,,1,0
Massively Multiplayer Online Role-Playing Game,World Of Warcraft,Directed,5866,,1,0
Massively Multiplayer Online Role-Playing Game,Instance Dungeon,Directed,5867,,1,0
Massively Multiplayer Online Role-Playing Game,Experience Point,Directed,5868,,1,0
Video Game Publisher,Aaa (Video Game Industry),Directed,5869,,1,0
Video Game Publisher,Advergame,Directed,5870,,1,0
Video Game Publisher,Advertising In Video Games,Directed,5871,,1,0
Video Game Publisher,Arcade Video Game,Directed,5872,,1,0
Video Game Publisher,Art Game,Directed,5873,,1,0
Video Game Publisher,Artificial Intelligence In Video Games,Directed,5874,,1,0
Video Game Publisher,Battle Pass,Directed,5875,,1,0
Video Game Publisher,Buy-To-Play,Directed,5876,,1,0
Video Game Publisher,Casual Game,Directed,5877,,1,0
Video Game Publisher,Cloud Gaming,Directed,5878,,1,0
Video Game Publisher,Copy Protection,Directed,5879,,1,0
Video Game Publisher,Crowdfunding In Video Games,Directed,5880,,1,0
Video Game Publisher,Digital Distribution Of Video Games,Directed,5881,,1,0
Video Game Publisher,Digital Rights Management,Directed,5882,,1,0
Video Game Publisher,Downloadable Content,Directed,5883,,1,0
Video Game Publisher,Early Access,Directed,5884,,1,0
Video Game Publisher,Educational Video Game,Directed,5885,,1,0
Video Game Publisher,Electronic Arts,Directed,5886,,1,0
Video Game Publisher,Episodic Video Game,Directed,5887,,1,0
Video Game Publisher,Exergaming,Directed,5888,,1,0
Video Game Publisher,Expansion Pack,Directed,5889,,1,0
Video Game Publisher,Free-To-Play,Directed,5890,,1,0
Video Game Publisher,Gacha Game,Directed,5891,,1,0
Video Game Publisher,Gamespot,Directed,5892,,1,0
Video Game Publisher,Game Art Design,Directed,5893,,1,0
Video Game Publisher,Game Creation System,Directed,5894,,1,0
Video Game Publisher,Game Engine,Directed,5895,,1,0
Video Game Publisher,Game Studies,Directed,5896,,1,0
Video Game Publisher,Game Testing,Directed,5897,,1,0
Video Game Publisher,Issn (Identifier),Directed,5898,,1,0
Video Game Publisher,Id Software,Directed,5899,,1,0
Video Game Publisher,In-Game Advertising,Directed,5900,,1,0
Video Game Publisher,In-Game Currency,Directed,5901,,1,0
Video Game Publisher,Indie Game,Directed,5902,,1,0
Video Game Publisher,Intellectual Property Protection Of Video Games,Directed,5903,,1,0
Video Game Publisher,Interactive Movie,Directed,5904,,1,0
Video Game Publisher,Level (Video Games),Directed,5905,,1,0
Video Game Publisher,Live Service Game,Directed,5906,,1,0
Video Game Publisher,Loot Box,Directed,5907,,1,0
Video Game Publisher,Microtransactions,Directed,5908,,1,0
Video Game Publisher,Mobile Game,Directed,5909,,1,0
Video Game Publisher,Nintendo Entertainment System,Directed,5910,,1,0
Video Game Publisher,Non-Game,Directed,5911,,1,0
Video Game Publisher,Nonviolent Video Game,Directed,5912,,1,0
Video Game Publisher,Season Pass (Video Games),Directed,5913,,1,0
Video Game Publisher,Serious Game,Directed,5914,,1,0
Video Game Publisher,Sex And Nudity In Video Games,Directed,5915,,1,0
Video Game Publisher,Video Game,Directed,5916,,1,0
Video Game Publisher,Video Game Accessory,Directed,5917,,1,0
Video Game Publisher,Video Game Censorship,Directed,5918,,1,0
Video Game Publisher,Video Game Clone,Directed,5919,,1,0
Video Game Publisher,Video Game Console,Directed,5920,,1,0
Video Game Publisher,Video Game Content Rating System,Directed,5921,,1,0
Video Game Publisher,Video Game Design,Directed,5922,,1,0
Video Game Publisher,Video Game Developer,Directed,5923,,1,0
Video Game Publisher,Video Game Development,Directed,5924,,1,0
Video Game Publisher,Video Game Graphics,Directed,5925,,1,0
Video Game Publisher,Video Game Industry,Directed,5926,,1,0
Video Game Publisher,Video Game Journalism,Directed,5927,,1,0
Video Game Publisher,Video Game Localization,Directed,5928,,1,0
Video Game Publisher,Video Game Monetization,Directed,5929,,1,0
Video Game Publisher,Video Game Music,Directed,5930,,1,0
Video Game Publisher,Video Game Piracy,Directed,5931,,1,0
Video Game Publisher,Video Game Producer,Directed,5932,,1,0
Video Game Publisher,Video Game Programmer,Directed,5933,,1,0
Video Game Publisher,Video Game Programming,Directed,5934,,1,0
Video Game Publisher,Video Game Publishing,Directed,5935,,1,0
Video Game Publisher,Video Games In China,Directed,5936,,1,0
Video Game Publisher,Video Games In Japan,Directed,5937,,1,0
Video Game Publisher,Video Games In South Korea,Directed,5938,,1,0
Video Game Publisher,Video Games In The United States,Directed,5939,,1,0
Gamerankings,Eurogamer,Directed,5940,,1,0
Gamerankings,Gamasutra,Directed,5941,,1,0
Gamerankings,Gamespot,Directed,5942,,1,0
Gamerankings,Video Game Journalism,Directed,5943,,1,0
Gamerankings,Wayback Machine,Directed,5944,,1,0
Multiplayer Video Game,4X,Directed,5945,,1,0
Multiplayer Video Game,Aaa (Video Game Industry),Directed,5946,,1,0
Multiplayer Video Game,Action-Adventure Game,Directed,5947,,1,0
Multiplayer Video Game,Action Game,Directed,5948,,1,0
Multiplayer Video Game,Action Role-Playing Game,Directed,5949,,1,0
Multiplayer Video Game,Adventure Game,Directed,5950,,1,0
Multiplayer Video Game,Advergame,Directed,5951,,1,0
Multiplayer Video Game,Arcade Game,Directed,5952,,1,0
Multiplayer Video Game,Arena Shooter,Directed,5953,,1,0
Multiplayer Video Game,Art Game,Directed,5954,,1,0
Multiplayer Video Game,Artillery Game,Directed,5955,,1,0
Multiplayer Video Game,Auto Battler,Directed,5956,,1,0
Multiplayer Video Game,Battle Royale Game,Directed,5957,,1,0
Multiplayer Video Game,Beat 'Em Up,Directed,5958,,1,0
Multiplayer Video Game,Bishōjo Game,Directed,5959,,1,0
Multiplayer Video Game,Bonus Stage,Directed,5960,,1,0
Multiplayer Video Game,Browser Game,Directed,5961,,1,0
Multiplayer Video Game,Bullet Hell,Directed,5962,,1,0
Multiplayer Video Game,Business Simulation Game,Directed,5963,,1,0
Multiplayer Video Game,Capture The Flag,Directed,5964,,1,0
Multiplayer Video Game,Casual Game,Directed,5965,,1,0
Multiplayer Video Game,Cheating In Online Games,Directed,5966,,1,0
Multiplayer Video Game,Christian Video Game,Directed,5967,,1,0
Multiplayer Video Game,City-Building Game,Directed,5968,,1,0
Multiplayer Video Game,Climate Change Video Game,Directed,5969,,1,0
Multiplayer Video Game,Collision Detection,Directed,5970,,1,0
Multiplayer Video Game,Combat Flight Simulation Game,Directed,5971,,1,0
Multiplayer Video Game,Comedy In Video Games,Directed,5972,,1,0
Multiplayer Video Game,Computer Wargame,Directed,5973,,1,0
Multiplayer Video Game,Construction And Management Simulation,Directed,5974,,1,0
Multiplayer Video Game,Cooperative Video Game,Directed,5975,,1,0
Multiplayer Video Game,Cozy Game,Directed,5976,,1,0
Multiplayer Video Game,Critical Hit,Directed,5977,,1,0
Multiplayer Video Game,Cutscene,Directed,5978,,1,0
Multiplayer Video Game,Dating Sim,Directed,5979,,1,0
Multiplayer Video Game,Deathmatch (Video Games),Directed,5980,,1,0
Multiplayer Video Game,Deck-Building Game,Directed,5981,,1,0
Multiplayer Video Game,Dialogue Tree,Directed,5982,,1,0
Multiplayer Video Game,Digital Collectible Card Game,Directed,5983,,1,0
Multiplayer Video Game,Digital Tabletop Game,Directed,5984,,1,0
Multiplayer Video Game,Doom (1993 Video Game),Directed,5985,,1,0
Multiplayer Video Game,Doujin Soft,Directed,5986,,1,0
Multiplayer Video Game,Dreamcast,Directed,5987,,1,0
Multiplayer Video Game,Dungeon Crawl,Directed,5988,,1,0
Multiplayer Video Game,Dungeons & Dragons,Directed,5989,,1,0
Multiplayer Video Game,Educational Video Game,Directed,5990,,1,0
Multiplayer Video Game,Emergent Gameplay,Directed,5991,,1,0
Multiplayer Video Game,Endless Runner,Directed,5992,,1,0
Multiplayer Video Game,Eroge,Directed,5993,,1,0
Multiplayer Video Game,Escape Room Video Game,Directed,5994,,1,0
Multiplayer Video Game,Esports,Directed,5995,,1,0
Multiplayer Video Game,Everquest,Directed,5996,,1,0
Multiplayer Video Game,Experience Point,Directed,5997,,1,0
Multiplayer Video Game,Falling-Sand Game,Directed,5998,,1,0
Multiplayer Video Game,Fan Game,Directed,5999,,1,0
Multiplayer Video Game,Farm Life Sim,Directed,6000,,1,0
Multiplayer Video Game,Fighting Game,Directed,6001,,1,0
Multiplayer Video Game,First-Person Shooter,Directed,6002,,1,0
Multiplayer Video Game,Fishing Video Game,Directed,6003,,1,0
Multiplayer Video Game,Fitness Game,Directed,6004,,1,0
Multiplayer Video Game,Flight Simulation Video Game,Directed,6005,,1,0
Multiplayer Video Game,Fog Of War,Directed,6006,,1,0
Multiplayer Video Game,Full-Motion Video,Directed,6007,,1,0
Multiplayer Video Game,Gacha Game,Directed,6008,,1,0
Multiplayer Video Game,Game Mechanics,Directed,6009,,1,0
Multiplayer Video Game,Game Over,Directed,6010,,1,0
Multiplayer Video Game,Game Server,Directed,6011,,1,0
Multiplayer Video Game,Girls' Video Games,Directed,6012,,1,0
Multiplayer Video Game,Glossary Of Video Game Terms,Directed,6013,,1,0
Multiplayer Video Game,God Game,Directed,6014,,1,0
Multiplayer Video Game,Government Simulation Game,Directed,6015,,1,0
Multiplayer Video Game,Grand Theft Auto Clone,Directed,6016,,1,0
Multiplayer Video Game,Grand Strategy Wargame,Directed,6017,,1,0
Multiplayer Video Game,Hud (Video Gaming),Directed,6018,,1,0
Multiplayer Video Game,Hack And Slash,Directed,6019,,1,0
Multiplayer Video Game,Hero Shooter,Directed,6020,,1,0
Multiplayer Video Game,Hidden Object Game,Directed,6021,,1,0
Multiplayer Video Game,History Of Massively Multiplayer Online Games,Directed,6022,,1,0
Multiplayer Video Game,History Of Online Games,Directed,6023,,1,0
Multiplayer Video Game,Horror Game,Directed,6024,,1,0
Multiplayer Video Game,Hypercasual Game,Directed,6025,,1,0
Multiplayer Video Game,Isbn (Identifier),Directed,6026,,1,0
Multiplayer Video Game,Immersive Sim,Directed,6027,,1,0
Multiplayer Video Game,Incremental Game,Directed,6028,,1,0
Multiplayer Video Game,Indie Game,Directed,6029,,1,0
Multiplayer Video Game,Instance Dungeon,Directed,6030,,1,0
Multiplayer Video Game,Interactive Fiction,Directed,6031,,1,0
Multiplayer Video Game,Interactive Film,Directed,6032,,1,0
Multiplayer Video Game,Internet,Directed,6033,,1,0
Multiplayer Video Game,Invisible Wall,Directed,6034,,1,0
Multiplayer Video Game,Kaizo,Directed,6035,,1,0
Multiplayer Video Game,Kart Racing Game,Directed,6036,,1,0
Multiplayer Video Game,King Of The Hill (Game),Directed,6037,,1,0
Multiplayer Video Game,Lag (Video Games),Directed,6038,,1,0
Multiplayer Video Game,Level (Video Games),Directed,6039,,1,0
Multiplayer Video Game,Licensed Game,Directed,6040,,1,0
Multiplayer Video Game,Life (Video Games),Directed,6041,,1,0
Multiplayer Video Game,Life Simulation Game,Directed,6042,,1,0
Multiplayer Video Game,Light Gun Shooter,Directed,6043,,1,0
Multiplayer Video Game,Looter Shooter,Directed,6044,,1,0
Multiplayer Video Game,Lunar Lander (Video Game Genre),Directed,6045,,1,0
Multiplayer Video Game,Masocore,Directed,6046,,1,0
Multiplayer Video Game,Massively Multiplayer,Directed,6047,,1,0
Multiplayer Video Game,Massively Multiplayer Online First-Person Shooter Game,Directed,6048,,1,0
Multiplayer Video Game,Massively Multiplayer Online Game,Directed,6049,,1,0
Multiplayer Video Game,Massively Multiplayer Online Real-Time Strategy Game,Directed,6050,,1,0
Multiplayer Video Game,Massively Multiplayer Online Role-Playing Game,Directed,6051,,1,0
Multiplayer Video Game,Maze Video Game,Directed,6052,,1,0
Multiplayer Video Game,Metroidvania,Directed,6053,,1,0
Multiplayer Video Game,Mini-Map,Directed,6054,,1,0
Multiplayer Video Game,Minigame,Directed,6055,,1,0
Multiplayer Video Game,Mobile Game,Directed,6056,,1,0
Multiplayer Video Game,Mobile Phone,Directed,6057,,1,0
Multiplayer Video Game,Monster-Taming Game,Directed,6058,,1,0
Multiplayer Video Game,Multi-User Dungeon,Directed,6059,,1,0
Multiplayer Video Game,Multiplayer Online Battle Arena,Directed,6060,,1,0
Multiplayer Video Game,Music Video Game,Directed,6061,,1,0
Multiplayer Video Game,New Game Plus,Directed,6062,,1,0
Multiplayer Video Game,Newsgame,Directed,6063,,1,0
Multiplayer Video Game,Nintendo Entertainment System,Directed,6064,,1,0
Multiplayer Video Game,Non-Game,Directed,6065,,1,0
Multiplayer Video Game,Non-Player Character,Directed,6066,,1,0
Multiplayer Video Game,Nonlinear Gameplay,Directed,6067,,1,0
Multiplayer Video Game,Nonviolent Video Game,Directed,6068,,1,0
Multiplayer Video Game,Online Game,Directed,6069,,1,0
Multiplayer Video Game,Open World,Directed,6070,,1,0
Multiplayer Video Game,Otome Game,Directed,6071,,1,0
Multiplayer Video Game,Overworld,Directed,6072,,1,0
Multiplayer Video Game,Party Video Game,Directed,6073,,1,0
Multiplayer Video Game,Permadeath,Directed,6074,,1,0
Multiplayer Video Game,Persistent World,Directed,6075,,1,0
Multiplayer Video Game,Personalized Video Game,Directed,6076,,1,0
Multiplayer Video Game,Photography Game,Directed,6077,,1,0
Multiplayer Video Game,Platform Fighter,Directed,6078,,1,0
Multiplayer Video Game,Platformer,Directed,6079,,1,0
Multiplayer Video Game,Player Character,Directed,6080,,1,0
Multiplayer Video Game,Player Versus Environment,Directed,6081,,1,0
Multiplayer Video Game,Player Versus Player,Directed,6082,,1,0
Multiplayer Video Game,Porting,Directed,6083,,1,0
Multiplayer Video Game,Power-Up,Directed,6084,,1,0
Multiplayer Video Game,Programming Game,Directed,6085,,1,0
Multiplayer Video Game,Puzzle Video Game,Directed,6086,,1,0
Multiplayer Video Game,Quest (Video Games),Directed,6087,,1,0
Multiplayer Video Game,Quick Time Event,Directed,6088,,1,0
Multiplayer Video Game,Racing Game,Directed,6089,,1,0
Multiplayer Video Game,Rail Shooter,Directed,6090,,1,0
Multiplayer Video Game,Random Encounter,Directed,6091,,1,0
Multiplayer Video Game,Real-Time Strategy,Directed,6092,,1,0
Multiplayer Video Game,Real-Time Tactics,Directed,6093,,1,0
Multiplayer Video Game,Rhythm Game,Directed,6094,,1,0
Multiplayer Video Game,Rocket Jumping,Directed,6095,,1,0
Multiplayer Video Game,Roguelike,Directed,6096,,1,0
Multiplayer Video Game,Roguelike Deck-Building Game,Directed,6097,,1,0
Multiplayer Video Game,Role-Playing Video Game,Directed,6098,,1,0
Multiplayer Video Game,Runescape,Directed,6099,,1,0
Multiplayer Video Game,Sandbox Game,Directed,6100,,1,0
Multiplayer Video Game,Saved Game,Directed,6101,,1,0
Multiplayer Video Game,Science Fiction Video Game,Directed,6102,,1,0
Multiplayer Video Game,Serious Game,Directed,6103,,1,0
Multiplayer Video Game,Sexual Content In Video Games,Directed,6104,,1,0
Multiplayer Video Game,Shoot 'Em Up,Directed,6105,,1,0
Multiplayer Video Game,Shooter Game,Directed,6106,,1,0
Multiplayer Video Game,Side-Scrolling Video Game,Directed,6107,,1,0
Multiplayer Video Game,Sim Racing,Directed,6108,,1,0
Multiplayer Video Game,Simulation Video Game,Directed,6109,,1,0
Multiplayer Video Game,Single-Player Video Game,Directed,6110,,1,0
Multiplayer Video Game,Snake (Video Game Genre),Directed,6111,,1,0
Multiplayer Video Game,Social Interaction In Mmorpgs,Directed,6112,,1,0
Multiplayer Video Game,Social Networking Service,Directed,6113,,1,0
Multiplayer Video Game,Social Simulation Game,Directed,6114,,1,0
Multiplayer Video Game,Soulslike,Directed,6115,,1,0
Multiplayer Video Game,Space Flight Simulation Game,Directed,6116,,1,0
Multiplayer Video Game,Sports Video Game,Directed,6117,,1,0
Multiplayer Video Game,Statistic (Role-Playing Games),Directed,6118,,1,0
Multiplayer Video Game,Status Effect,Directed,6119,,1,0
Multiplayer Video Game,Stealth Game,Directed,6120,,1,0
Multiplayer Video Game,Strategy Video Game,Directed,6121,,1,0
Multiplayer Video Game,Submarine Simulator,Directed,6122,,1,0
Multiplayer Video Game,Super Mario Bros.,Directed,6123,,1,0
Multiplayer Video Game,Survival Game,Directed,6124,,1,0
Multiplayer Video Game,Survival Horror,Directed,6125,,1,0
Multiplayer Video Game,Tactical Role-Playing Game,Directed,6126,,1,0
Multiplayer Video Game,Tactical Shooter,Directed,6127,,1,0
Multiplayer Video Game,Third-Person Shooter,Directed,6128,,1,0
Multiplayer Video Game,Tile-Matching Video Game,Directed,6129,,1,0
Multiplayer Video Game,Time Management Game,Directed,6130,,1,0
Multiplayer Video Game,Tower Defense,Directed,6131,,1,0
Multiplayer Video Game,Toys-To-Life,Directed,6132,,1,0
Multiplayer Video Game,Train Simulator,Directed,6133,,1,0
Multiplayer Video Game,Turn-Based Role-Playing Game,Directed,6134,,1,0
Multiplayer Video Game,Turn-Based Strategy,Directed,6135,,1,0
Multiplayer Video Game,Turn-Based Tactics,Directed,6136,,1,0
Multiplayer Video Game,"Turns, Rounds And Time-Keeping Systems In Games",Directed,6137,,1,0
Multiplayer Video Game,Twin-Stick Shooter,Directed,6138,,1,0
Multiplayer Video Game,Twitch Gameplay,Directed,6139,,1,0
Multiplayer Video Game,Typing Game,Directed,6140,,1,0
Multiplayer Video Game,Vampire Survivors-Like,Directed,6141,,1,0
Multiplayer Video Game,Vehicle Simulation Game,Directed,6142,,1,0
Multiplayer Video Game,Vehicular Combat Game,Directed,6143,,1,0
Multiplayer Video Game,Vertically Scrolling Video Game,Directed,6144,,1,0
Multiplayer Video Game,Video Game,Directed,6145,,1,0
Multiplayer Video Game,Video Game Bot,Directed,6146,,1,0
Multiplayer Video Game,Video Game Clone,Directed,6147,,1,0
Multiplayer Video Game,Video Game Genre,Directed,6148,,1,0
Multiplayer Video Game,Video Game Modding,Directed,6149,,1,0
Multiplayer Video Game,Video Game Remake,Directed,6150,,1,0
Multiplayer Video Game,Virtual Economy,Directed,6151,,1,0
Multiplayer Video Game,Virtual Pet,Directed,6152,,1,0
Multiplayer Video Game,Virtual Tax,Directed,6153,,1,0
Multiplayer Video Game,Virtual World,Directed,6154,,1,0
Multiplayer Video Game,Visual Novel,Directed,6155,,1,0
Multiplayer Video Game,Walking Simulator,Directed,6156,,1,0
Multiplayer Video Game,Wayback Machine,Directed,6157,,1,0
Multiplayer Video Game,World Of Warcraft,Directed,6158,,1,0
Instance Dungeon,Age Of Conan,Directed,6159,,1,0
Instance Dungeon,Bonus Stage,Directed,6160,,1,0
Instance Dungeon,Capture The Flag,Directed,6161,,1,0
Instance Dungeon,Collision Detection,Directed,6162,,1,0
Instance Dungeon,Cooperative Video Game,Directed,6163,,1,0
Instance Dungeon,Critical Hit,Directed,6164,,1,0
Instance Dungeon,Cutscene,Directed,6165,,1,0
Instance Dungeon,Deathmatch (Video Games),Directed,6166,,1,0
Instance Dungeon,Dialogue Tree,Directed,6167,,1,0
Instance Dungeon,Dungeon Crawl,Directed,6168,,1,0
Instance Dungeon,Eve Online,Directed,6169,,1,0
Instance Dungeon,Emergent Gameplay,Directed,6170,,1,0
Instance Dungeon,Esports,Directed,6171,,1,0
Instance Dungeon,Everquest,Directed,6172,,1,0
Instance Dungeon,Experience Point,Directed,6173,,1,0
Instance Dungeon,Fog Of War,Directed,6174,,1,0
Instance Dungeon,Game Mechanics,Directed,6175,,1,0
Instance Dungeon,Game Over,Directed,6176,,1,0
Instance Dungeon,Game Server,Directed,6177,,1,0
Instance Dungeon,Glossary Of Video Game Terms,Directed,6178,,1,0
Instance Dungeon,Guild Wars,Directed,6179,,1,0
Instance Dungeon,Hud (Video Gaming),Directed,6180,,1,0
Instance Dungeon,Isbn (Identifier),Directed,6181,,1,0
Instance Dungeon,Invisible Wall,Directed,6182,,1,0
Instance Dungeon,King Of The Hill (Game),Directed,6183,,1,0
Instance Dungeon,Lag (Video Games),Directed,6184,,1,0
Instance Dungeon,Level (Video Games),Directed,6185,,1,0
Instance Dungeon,Life (Video Games),Directed,6186,,1,0
Instance Dungeon,Massively Multiplayer Online Game,Directed,6187,,1,0
Instance Dungeon,Mini-Map,Directed,6188,,1,0
Instance Dungeon,Minigame,Directed,6189,,1,0
Instance Dungeon,Mob (Computer Gaming),Directed,6190,,1,0
Instance Dungeon,Multiplayer Video Game,Directed,6191,,1,0
Instance Dungeon,New Game Plus,Directed,6192,,1,0
Instance Dungeon,Non-Player Character,Directed,6193,,1,0
Instance Dungeon,Nonlinear Gameplay,Directed,6194,,1,0
Instance Dungeon,Open World,Directed,6195,,1,0
Instance Dungeon,Overworld,Directed,6196,,1,0
Instance Dungeon,Permadeath,Directed,6197,,1,0
Instance Dungeon,Persistent World,Directed,6198,,1,0
Instance Dungeon,Player Character,Directed,6199,,1,0
Instance Dungeon,Player Versus Environment,Directed,6200,,1,0
Instance Dungeon,Player Versus Player,Directed,6201,,1,0
Instance Dungeon,Power-Up,Directed,6202,,1,0
Instance Dungeon,Quest (Video Games),Directed,6203,,1,0
Instance Dungeon,Quick Time Event,Directed,6204,,1,0
Instance Dungeon,Random Encounter,Directed,6205,,1,0
Instance Dungeon,Raph Koster,Directed,6206,,1,0
Instance Dungeon,Richard Garriott,Directed,6207,,1,0
Instance Dungeon,Rocket Jumping,Directed,6208,,1,0
Instance Dungeon,Runescape,Directed,6209,,1,0
Instance Dungeon,Saved Game,Directed,6210,,1,0
Instance Dungeon,Single-Player Video Game,Directed,6211,,1,0
Instance Dungeon,Statistic (Role-Playing Games),Directed,6212,,1,0
Instance Dungeon,Status Effect,Directed,6213,,1,0
Instance Dungeon,The Realm Online,Directed,6214,,1,0
Instance Dungeon,"Turns, Rounds And Time-Keeping Systems In Games",Directed,6215,,1,0
Instance Dungeon,Twitch Gameplay,Directed,6216,,1,0
Instance Dungeon,Video Game,Directed,6217,,1,0
Instance Dungeon,Video Game Bot,Directed,6218,,1,0
Instance Dungeon,Virtual Economy,Directed,6219,,1,0
Instance Dungeon,Virtual World,Directed,6220,,1,0
Computing Platform,Adobe Flash,Directed,6221,,1,0
Computing Platform,Algorithm Design,Directed,6222,,1,0
Computing Platform,Artificial Intelligence,Directed,6223,,1,0
Computing Platform,Augmented Reality,Directed,6224,,1,0
Computing Platform,Electronic Design Automation,Directed,6225,,1,0
Computing Platform,Form Factor (Design),Directed,6226,,1,0
Computing Platform,Interaction Design,Directed,6227,,1,0
Computing Platform,Middleware,Directed,6228,,1,0
Computing Platform,Nintendo,Directed,6229,,1,0
Computing Platform,Open-Source Software,Directed,6230,,1,0
Computing Platform,Scripting Language,Directed,6231,,1,0
Computing Platform,Software Design,Directed,6232,,1,0
Computing Platform,Video Game,Directed,6233,,1,0
Computing Platform,Video Game Console,Directed,6234,,1,0
Computing Platform,Visualization (Graphics),Directed,6235,,1,0
Ragnarok Online,Computing Platform,Directed,6236,,1,0
Ragnarok Online,Gamerankings,Directed,6237,,1,0
Ragnarok Online,Game Engine,Directed,6238,,1,0
Ragnarok Online,Game Server,Directed,6239,,1,0
Ragnarok Online,Gravity (Korean Company),Directed,6240,,1,0
Ragnarok Online,Instance Dungeon,Directed,6241,,1,0
Ragnarok Online,Massive Multiplayer Online Role-Playing Game,Directed,6242,,1,0
Ragnarok Online,Massively Multiplayer Online Role-Playing Game,Directed,6243,,1,0
Ragnarok Online,Multiplayer Video Game,Directed,6244,,1,0
Ragnarok Online,Video Game Artist,Directed,6245,,1,0
Ragnarok Online,Video Game Designer,Directed,6246,,1,0
Ragnarok Online,Video Game Developer,Directed,6247,,1,0
Ragnarok Online,Video Game Genre,Directed,6248,,1,0
Ragnarok Online,Video Game Publisher,Directed,6249,,1,0
Video Game Genre,4X,Directed,6250,,1,0
Video Game Genre,Aaa (Video Game Industry),Directed,6251,,1,0
Video Game Genre,Action-Adventure Game,Directed,6252,,1,0
Video Game Genre,Action Game,Directed,6253,,1,0
Video Game Genre,Action Role-Playing Game,Directed,6254,,1,0
Video Game Genre,Adobe Flash,Directed,6255,,1,0
Video Game Genre,Adventure Game,Directed,6256,,1,0
Video Game Genre,Advergame,Directed,6257,,1,0
Video Game Genre,Arcade Game,Directed,6258,,1,0
Video Game Genre,Arcade Video Game,Directed,6259,,1,0
Video Game Genre,Arena Shooter,Directed,6260,,1,0
Video Game Genre,Art Game,Directed,6261,,1,0
Video Game Genre,Artificial Intelligence,Directed,6262,,1,0
Video Game Genre,Artificial Intelligence In Video Games,Directed,6263,,1,0
Video Game Genre,Artillery Game,Directed,6264,,1,0
Video Game Genre,Auto Battler,Directed,6265,,1,0
Video Game Genre,Battle Royale Game,Directed,6266,,1,0
Video Game Genre,Beat 'Em Up,Directed,6267,,1,0
Video Game Genre,Bishōjo Game,Directed,6268,,1,0
Video Game Genre,Browser Game,Directed,6269,,1,0
Video Game Genre,Bullet Hell,Directed,6270,,1,0
Video Game Genre,Business Simulation Game,Directed,6271,,1,0
Video Game Genre,Casual Game,Directed,6272,,1,0
Video Game Genre,Christian Video Game,Directed,6273,,1,0
Video Game Genre,City-Building Game,Directed,6274,,1,0
Video Game Genre,Climate Change Video Game,Directed,6275,,1,0
Video Game Genre,Combat Flight Simulation Game,Directed,6276,,1,0
Video Game Genre,Comedy In Video Games,Directed,6277,,1,0
Video Game Genre,Computer Wargame,Directed,6278,,1,0
Video Game Genre,Construction And Management Simulation,Directed,6279,,1,0
Video Game Genre,Cooperative Video Game,Directed,6280,,1,0
Video Game Genre,Cozy Game,Directed,6281,,1,0
Video Game Genre,Dating Sim,Directed,6282,,1,0
Video Game Genre,Deck-Building Game,Directed,6283,,1,0
Video Game Genre,Digital Collectible Card Game,Directed,6284,,1,0
Video Game Genre,Digital Tabletop Game,Directed,6285,,1,0
Video Game Genre,Doi (Identifier),Directed,6286,,1,0
Video Game Genre,Doom (1993 Video Game),Directed,6287,,1,0
Video Game Genre,Doujin Soft,Directed,6288,,1,0
Video Game Genre,Dreamcast,Directed,6289,,1,0
Video Game Genre,Dungeon Crawl,Directed,6290,,1,0
Video Game Genre,Dungeons & Dragons,Directed,6291,,1,0
Video Game Genre,Eve Online,Directed,6292,,1,0
Video Game Genre,Educational Video Game,Directed,6293,,1,0
Video Game Genre,Emergent Gameplay,Directed,6294,,1,0
Video Game Genre,Endless Runner,Directed,6295,,1,0
Video Game Genre,Eroge,Directed,6296,,1,0
Video Game Genre,Escape Room Video Game,Directed,6297,,1,0
Video Game Genre,Esports,Directed,6298,,1,0
Video Game Genre,Eurogamer,Directed,6299,,1,0
Video Game Genre,Exergaming,Directed,6300,,1,0
Video Game Genre,Experience Point,Directed,6301,,1,0
Video Game Genre,Falling-Sand Game,Directed,6302,,1,0
Video Game Genre,Fan Game,Directed,6303,,1,0
Video Game Genre,Fantasy,Directed,6304,,1,0
Video Game Genre,Farm Life Sim,Directed,6305,,1,0
Video Game Genre,Fighting Game,Directed,6306,,1,0
Video Game Genre,Final Fantasy Xi,Directed,6307,,1,0
Video Game Genre,First-Person Shooter,Directed,6308,,1,0
Video Game Genre,Fishing Video Game,Directed,6309,,1,0
Video Game Genre,Fitness Game,Directed,6310,,1,0
Video Game Genre,Flight Simulation Video Game,Directed,6311,,1,0
Video Game Genre,Free-To-Play,Directed,6312,,1,0
Video Game Genre,Full-Motion Video,Directed,6313,,1,0
Video Game Genre,Gacha Game,Directed,6314,,1,0
Video Game Genre,Gamasutra,Directed,6315,,1,0
Video Game Genre,Gamespot,Directed,6316,,1,0
Video Game Genre,Game Art Design,Directed,6317,,1,0
Video Game Genre,Game Engine,Directed,6318,,1,0
Video Game Genre,Game Mechanics,Directed,6319,,1,0
Video Game Genre,Game Testing,Directed,6320,,1,0
Video Game Genre,Gameplay,Directed,6321,,1,0
Video Game Genre,Girls' Video Games,Directed,6322,,1,0
Video Game Genre,God Game,Directed,6323,,1,0
Video Game Genre,Government Simulation Game,Directed,6324,,1,0
Video Game Genre,Grand Theft Auto Clone,Directed,6325,,1,0
Video Game Genre,Grand Strategy Wargame,Directed,6326,,1,0
Video Game Genre,Hack And Slash,Directed,6327,,1,0
Video Game Genre,Hero Shooter,Directed,6328,,1,0
Video Game Genre,Hidden Object Game,Directed,6329,,1,0
Video Game Genre,Horror Game,Directed,6330,,1,0
Video Game Genre,Hypercasual Game,Directed,6331,,1,0
Video Game Genre,Isbn (Identifier),Directed,6332,,1,0
Video Game Genre,Issn (Identifier),Directed,6333,,1,0
Video Game Genre,Id Software,Directed,6334,,1,0
Video Game Genre,Immersive Sim,Directed,6335,,1,0
Video Game Genre,In-Game Currency,Directed,6336,,1,0
Video Game Genre,Incremental Game,Directed,6337,,1,0
Video Game Genre,Indie Game,Directed,6338,,1,0
Video Game Genre,Ingress (Video Game),Directed,6339,,1,0
Video Game Genre,Interactive Fiction,Directed,6340,,1,0
Video Game Genre,Interactive Film,Directed,6341,,1,0
Video Game Genre,Interactive Movie,Directed,6342,,1,0
Video Game Genre,Internet,Directed,6343,,1,0
Video Game Genre,Invisible Wall,Directed,6344,,1,0
Video Game Genre,Kaizo,Directed,6345,,1,0
Video Game Genre,Kart Racing Game,Directed,6346,,1,0
Video Game Genre,Level (Video Games),Directed,6347,,1,0
Video Game Genre,Licensed Game,Directed,6348,,1,0
Video Game Genre,Life Simulation Game,Directed,6349,,1,0
Video Game Genre,Light Gun Shooter,Directed,6350,,1,0
Video Game Genre,Lists Of Video Games,Directed,6351,,1,0
Video Game Genre,Looter Shooter,Directed,6352,,1,0
Video Game Genre,Lunar Lander (Video Game Genre),Directed,6353,,1,0
Video Game Genre,Masocore,Directed,6354,,1,0
Video Game Genre,Massively Multiplayer Online First-Person Shooter Game,Directed,6355,,1,0
Video Game Genre,Massively Multiplayer Online Game,Directed,6356,,1,0
Video Game Genre,Massively Multiplayer Online Real-Time Strategy Game,Directed,6357,,1,0
Video Game Genre,Massively Multiplayer Online Role-Playing Game,Directed,6358,,1,0
Video Game Genre,Maze Video Game,Directed,6359,,1,0
Video Game Genre,Metroidvania,Directed,6360,,1,0
Video Game Genre,Minigame,Directed,6361,,1,0
Video Game Genre,Mobile Game,Directed,6362,,1,0
Video Game Genre,Mobile Phone,Directed,6363,,1,0
Video Game Genre,Monster-Taming Game,Directed,6364,,1,0
Video Game Genre,Multi-User Dungeon,Directed,6365,,1,0
Video Game Genre,Multiplayer Online Battle Arena,Directed,6366,,1,0
Video Game Genre,Multiplayer Video Game,Directed,6367,,1,0
Video Game Genre,Music Video Game,Directed,6368,,1,0
Video Game Genre,Newsgame,Directed,6369,,1,0
Video Game Genre,Nintendo Entertainment System,Directed,6370,,1,0
Video Game Genre,Non-Game,Directed,6371,,1,0
Video Game Genre,Nonlinear Gameplay,Directed,6372,,1,0
Video Game Genre,Nonviolent Video Game,Directed,6373,,1,0
Video Game Genre,Online Game,Directed,6374,,1,0
Video Game Genre,Open World,Directed,6375,,1,0
Video Game Genre,Otome Game,Directed,6376,,1,0
Video Game Genre,Overworld,Directed,6377,,1,0
Video Game Genre,Party Video Game,Directed,6378,,1,0
Video Game Genre,Permadeath,Directed,6379,,1,0
Video Game Genre,Persistent World,Directed,6380,,1,0
Video Game Genre,Personalized Video Game,Directed,6381,,1,0
Video Game Genre,Phantasy Star Online,Directed,6382,,1,0
Video Game Genre,Photography Game,Directed,6383,,1,0
Video Game Genre,Platform Fighter,Directed,6384,,1,0
Video Game Genre,Platformer,Directed,6385,,1,0
Video Game Genre,Playstation 2,Directed,6386,,1,0
Video Game Genre,Player Character,Directed,6387,,1,0
Video Game Genre,Player Versus Player,Directed,6388,,1,0
Video Game Genre,Porting,Directed,6389,,1,0
Video Game Genre,Programming Game,Directed,6390,,1,0
Video Game Genre,Puzzle Video Game,Directed,6391,,1,0
Video Game Genre,Quick Time Event,Directed,6392,,1,0
Video Game Genre,Racing Game,Directed,6393,,1,0
Video Game Genre,Rail Shooter,Directed,6394,,1,0
Video Game Genre,Real-Time Strategy,Directed,6395,,1,0
Video Game Genre,Real-Time Tactics,Directed,6396,,1,0
Video Game Genre,Rhythm Game,Directed,6397,,1,0
Video Game Genre,Roguelike,Directed,6398,,1,0
Video Game Genre,Roguelike Deck-Building Game,Directed,6399,,1,0
Video Game Genre,Role-Playing Video Game,Directed,6400,,1,0
Video Game Genre,Runescape,Directed,6401,,1,0
Video Game Genre,S2Cid (Identifier),Directed,6402,,1,0
Video Game Genre,Sandbox Game,Directed,6403,,1,0
Video Game Genre,Science Fiction Video Game,Directed,6404,,1,0
Video Game Genre,Second Life,Directed,6405,,1,0
Video Game Genre,Serious Game,Directed,6406,,1,0
Video Game Genre,Sexual Content In Video Games,Directed,6407,,1,0
Video Game Genre,Shigeru Miyamoto,Directed,6408,,1,0
Video Game Genre,Shoot 'Em Up,Directed,6409,,1,0
Video Game Genre,Shooter Game,Directed,6410,,1,0
Video Game Genre,Side-Scrolling Video Game,Directed,6411,,1,0
Video Game Genre,Sim Racing,Directed,6412,,1,0
Video Game Genre,Simulation Video Game,Directed,6413,,1,0
Video Game Genre,Single-Player Video Game,Directed,6414,,1,0
Video Game Genre,Smartphone,Directed,6415,,1,0
Video Game Genre,Snake (Video Game Genre),Directed,6416,,1,0
Video Game Genre,Social Simulation Game,Directed,6417,,1,0
Video Game Genre,Soulslike,Directed,6418,,1,0
Video Game Genre,Space Flight Simulation Game,Directed,6419,,1,0
Video Game Genre,Sports Video Game,Directed,6420,,1,0
Video Game Genre,Stealth Game,Directed,6421,,1,0
Video Game Genre,Strategy Video Game,Directed,6422,,1,0
Video Game Genre,Submarine Simulator,Directed,6423,,1,0
Video Game Genre,Super Mario Bros.,Directed,6424,,1,0
Video Game Genre,Survival Game,Directed,6425,,1,0
Video Game Genre,Survival Horror,Directed,6426,,1,0
Video Game Genre,Tactical Role-Playing Game,Directed,6427,,1,0
Video Game Genre,Tactical Shooter,Directed,6428,,1,0
Video Game Genre,Third-Person Shooter,Directed,6429,,1,0
Video Game Genre,Tile-Matching Video Game,Directed,6430,,1,0
Video Game Genre,Time Management Game,Directed,6431,,1,0
Video Game Genre,Tower Defense,Directed,6432,,1,0
Video Game Genre,Toys-To-Life,Directed,6433,,1,0
Video Game Genre,Train Simulator,Directed,6434,,1,0
Video Game Genre,Turn-Based Role-Playing Game,Directed,6435,,1,0
Video Game Genre,Turn-Based Strategy,Directed,6436,,1,0
Video Game Genre,Turn-Based Tactics,Directed,6437,,1,0
Video Game Genre,"Turns, Rounds And Time-Keeping Systems In Games",Directed,6438,,1,0
Video Game Genre,Twin-Stick Shooter,Directed,6439,,1,0
Video Game Genre,Twitch Gameplay,Directed,6440,,1,0
Video Game Genre,Typing Game,Directed,6441,,1,0
Video Game Genre,User-Generated Content,Directed,6442,,1,0
Video Game Genre,Vampire Survivors-Like,Directed,6443,,1,0
Video Game Genre,Vehicle Simulation Game,Directed,6444,,1,0
Video Game Genre,Vehicular Combat Game,Directed,6445,,1,0
Video Game Genre,Vertically Scrolling Video Game,Directed,6446,,1,0
Video Game Genre,Video Game,Directed,6447,,1,0
Video Game Genre,Video Game Clone,Directed,6448,,1,0
Video Game Genre,Video Game Console,Directed,6449,,1,0
Video Game Genre,Video Game Design,Directed,6450,,1,0
Video Game Genre,Video Game Developer,Directed,6451,,1,0
Video Game Genre,Video Game Development,Directed,6452,,1,0
Video Game Genre,Video Game Graphics,Directed,6453,,1,0
Video Game Genre,Video Game Modding,Directed,6454,,1,0
Video Game Genre,Video Game Music,Directed,6455,,1,0
Video Game Genre,Video Game Producer,Directed,6456,,1,0
Video Game Genre,Video Game Programmer,Directed,6457,,1,0
Video Game Genre,Video Game Programming,Directed,6458,,1,0
Video Game Genre,Video Game Remake,Directed,6459,,1,0
Video Game Genre,Virtual Pet,Directed,6460,,1,0
Video Game Genre,Virtual World,Directed,6461,,1,0
Video Game Genre,Visual Novel,Directed,6462,,1,0
Video Game Genre,Walking Simulator,Directed,6463,,1,0
Video Game Genre,Wayback Machine,Directed,6464,,1,0
Video Game Genre,World Of Warcraft,Directed,6465,,1,0
Video Game Genre,Science-Fiction,Directed,6466,,1,0
Video Game Artist,Aaa (Video Game Industry),Directed,6467,,1,0
Video Game Artist,Advergame,Directed,6468,,1,0
Video Game Artist,Advertising In Video Games,Directed,6469,,1,0
Video Game Artist,Algorithm Design,Directed,6470,,1,0
Video Game Artist,Arcade Video Game,Directed,6471,,1,0
Video Game Artist,Art Game,Directed,6472,,1,0
Video Game Artist,Artificial Intelligence In Video Games,Directed,6473,,1,0
Video Game Artist,Battle Pass,Directed,6474,,1,0
Video Game Artist,Buy-To-Play,Directed,6475,,1,0
Video Game Artist,Casual Game,Directed,6476,,1,0
Video Game Artist,Cloud Gaming,Directed,6477,,1,0
Video Game Artist,Copy Protection,Directed,6478,,1,0
Video Game Artist,Crowdfunding In Video Games,Directed,6479,,1,0
Video Game Artist,Digital Distribution Of Video Games,Directed,6480,,1,0
Video Game Artist,Digital Rights Management,Directed,6481,,1,0
Video Game Artist,Doi (Identifier),Directed,6482,,1,0
Video Game Artist,Downloadable Content,Directed,6483,,1,0
Video Game Artist,Early Access,Directed,6484,,1,0
Video Game Artist,Educational Video Game,Directed,6485,,1,0
Video Game Artist,Electronic Design Automation,Directed,6486,,1,0
Video Game Artist,Episodic Video Game,Directed,6487,,1,0
Video Game Artist,Exergaming,Directed,6488,,1,0
Video Game Artist,Expansion Pack,Directed,6489,,1,0
Video Game Artist,Form Factor (Design),Directed,6490,,1,0
Video Game Artist,Free-To-Play,Directed,6491,,1,0
Video Game Artist,Gacha Game,Directed,6492,,1,0
Video Game Artist,Game Creation System,Directed,6493,,1,0
Video Game Artist,Game Design,Directed,6494,,1,0
Video Game Artist,Game Engine,Directed,6495,,1,0
Video Game Artist,Game Studies,Directed,6496,,1,0
Video Game Artist,Game Testing,Directed,6497,,1,0
Video Game Artist,Gameplay,Directed,6498,,1,0
Video Game Artist,Hud (Video Gaming),Directed,6499,,1,0
Video Game Artist,Isbn (Identifier),Directed,6500,,1,0
Video Game Artist,In-Game Advertising,Directed,6501,,1,0
Video Game Artist,In-Game Currency,Directed,6502,,1,0
Video Game Artist,Indie Game,Directed,6503,,1,0
Video Game Artist,Intellectual Property Protection Of Video Games,Directed,6504,,1,0
Video Game Artist,Interaction Design,Directed,6505,,1,0
Video Game Artist,Interactive Film,Directed,6506,,1,0
Video Game Artist,Interactive Movie,Directed,6507,,1,0
Video Game Artist,Level (Video Games),Directed,6508,,1,0
Video Game Artist,Live Service Game,Directed,6509,,1,0
Video Game Artist,Loot Box,Directed,6510,,1,0
Video Game Artist,Microtransactions,Directed,6511,,1,0
Video Game Artist,Non-Game,Directed,6512,,1,0
Video Game Artist,Nonviolent Video Game,Directed,6513,,1,0
Video Game Artist,Season Pass (Video Games),Directed,6514,,1,0
Video Game Artist,Serious Game,Directed,6515,,1,0
Video Game Artist,Sex And Nudity In Video Games,Directed,6516,,1,0
Video Game Artist,Software Design,Directed,6517,,1,0
Video Game Artist,Video Game,Directed,6518,,1,0
Video Game Artist,Video Game Accessory,Directed,6519,,1,0
Video Game Artist,Video Game Censorship,Directed,6520,,1,0
Video Game Artist,Video Game Clone,Directed,6521,,1,0
Video Game Artist,Video Game Console,Directed,6522,,1,0
Video Game Artist,Video Game Content Rating System,Directed,6523,,1,0
Video Game Artist,Video Game Design,Directed,6524,,1,0
Video Game Artist,Video Game Developer,Directed,6525,,1,0
Video Game Artist,Video Game Development,Directed,6526,,1,0
Video Game Artist,Video Game Graphics,Directed,6527,,1,0
Video Game Artist,Video Game Industry,Directed,6528,,1,0
Video Game Artist,Video Game Journalism,Directed,6529,,1,0
Video Game Artist,Video Game Localization,Directed,6530,,1,0
Video Game Artist,Video Game Monetization,Directed,6531,,1,0
Video Game Artist,Video Game Music,Directed,6532,,1,0
Video Game Artist,Video Game Piracy,Directed,6533,,1,0
Video Game Artist,Video Game Producer,Directed,6534,,1,0
Video Game Artist,Video Game Programmer,Directed,6535,,1,0
Video Game Artist,Video Game Programming,Directed,6536,,1,0
Video Game Artist,Video Game Publishing,Directed,6537,,1,0
Video Game Artist,Video Games In China,Directed,6538,,1,0
Video Game Artist,Video Games In Japan,Directed,6539,,1,0
Video Game Artist,Video Games In South Korea,Directed,6540,,1,0
Video Game Artist,Video Games In The United States,Directed,6541,,1,0
Video Game Artist,Visualization (Graphics),Directed,6542,,1,0
Game Engine,Aaa (Video Game Industry),Directed,6543,,1,0
Game Engine,Adobe Flash,Directed,6544,,1,0
Game Engine,Advergame,Directed,6545,,1,0
Game Engine,Advertising In Video Games,Directed,6546,,1,0
Game Engine,Arcade Game,Directed,6547,,1,0
Game Engine,Arcade Video Game,Directed,6548,,1,0
Game Engine,Art Game,Directed,6549,,1,0
Game Engine,Artificial Intelligence,Directed,6550,,1,0
Game Engine,Artificial Intelligence In Video Games,Directed,6551,,1,0
Game Engine,Battle Pass,Directed,6552,,1,0
Game Engine,Buy-To-Play,Directed,6553,,1,0
Game Engine,Casual Game,Directed,6554,,1,0
Game Engine,Cloud Gaming,Directed,6555,,1,0
Game Engine,Collision Detection,Directed,6556,,1,0
Game Engine,Computing Platform,Directed,6557,,1,0
Game Engine,Copy Protection,Directed,6558,,1,0
Game Engine,Crowdfunding In Video Games,Directed,6559,,1,0
Game Engine,Digital Distribution Of Video Games,Directed,6560,,1,0
Game Engine,Digital Rights Management,Directed,6561,,1,0
Game Engine,Doi (Identifier),Directed,6562,,1,0
Game Engine,Doom (1993 Video Game),Directed,6563,,1,0
Game Engine,Downloadable Content,Directed,6564,,1,0
Game Engine,Early Access,Directed,6565,,1,0
Game Engine,Educational Video Game,Directed,6566,,1,0
Game Engine,Episodic Video Game,Directed,6567,,1,0
Game Engine,Exergaming,Directed,6568,,1,0
Game Engine,Expansion Pack,Directed,6569,,1,0
Game Engine,First-Person Shooter,Directed,6570,,1,0
Game Engine,Free-To-Play,Directed,6571,,1,0
Game Engine,Gacha Game,Directed,6572,,1,0
Game Engine,Game Art Design,Directed,6573,,1,0
Game Engine,Game Creation System,Directed,6574,,1,0
Game Engine,Game Studies,Directed,6575,,1,0
Game Engine,Game Testing,Directed,6576,,1,0
Game Engine,Isbn (Identifier),Directed,6577,,1,0
Game Engine,Id Software,Directed,6578,,1,0
Game Engine,In-Game Advertising,Directed,6579,,1,0
Game Engine,In-Game Currency,Directed,6580,,1,0
Game Engine,Indie Game,Directed,6581,,1,0
Game Engine,Intellectual Property Protection Of Video Games,Directed,6582,,1,0
Game Engine,Interactive Movie,Directed,6583,,1,0
Game Engine,Level (Video Games),Directed,6584,,1,0
Game Engine,Live Service Game,Directed,6585,,1,0
Game Engine,Loot Box,Directed,6586,,1,0
Game Engine,Microtransactions,Directed,6587,,1,0
Game Engine,Middleware,Directed,6588,,1,0
Game Engine,Mobile Phone,Directed,6589,,1,0
Game Engine,Nintendo,Directed,6590,,1,0
Game Engine,Nintendo Entertainment System,Directed,6591,,1,0
Game Engine,Non-Game,Directed,6592,,1,0
Game Engine,Nonviolent Video Game,Directed,6593,,1,0
Game Engine,Platformer,Directed,6594,,1,0
Game Engine,Porting,Directed,6595,,1,0
Game Engine,Racing Game,Directed,6596,,1,0
Game Engine,Role-Playing Video Game,Directed,6597,,1,0
Game Engine,S2Cid (Identifier),Directed,6598,,1,0
Game Engine,Scripting Language,Directed,6599,,1,0
Game Engine,Season Pass (Video Games),Directed,6600,,1,0
Game Engine,Serious Game,Directed,6601,,1,0
Game Engine,Sex And Nudity In Video Games,Directed,6602,,1,0
Game Engine,Shigeru Miyamoto,Directed,6603,,1,0
Game Engine,Super Mario Bros.,Directed,6604,,1,0
Game Engine,Video Game,Directed,6605,,1,0
Game Engine,Video Game Accessory,Directed,6606,,1,0
Game Engine,Video Game Censorship,Directed,6607,,1,0
Game Engine,Video Game Clone,Directed,6608,,1,0
Game Engine,Video Game Console,Directed,6609,,1,0
Game Engine,Video Game Content Rating System,Directed,6610,,1,0
Game Engine,Video Game Design,Directed,6611,,1,0
Game Engine,Video Game Developer,Directed,6612,,1,0
Game Engine,Video Game Development,Directed,6613,,1,0
Game Engine,Video Game Graphics,Directed,6614,,1,0
Game Engine,Video Game Industry,Directed,6615,,1,0
Game Engine,Video Game Journalism,Directed,6616,,1,0
Game Engine,Video Game Localization,Directed,6617,,1,0
Game Engine,Video Game Monetization,Directed,6618,,1,0
Game Engine,Video Game Music,Directed,6619,,1,0
Game Engine,Video Game Piracy,Directed,6620,,1,0
Game Engine,Video Game Producer,Directed,6621,,1,0
Game Engine,Video Game Programmer,Directed,6622,,1,0
Game Engine,Video Game Programming,Directed,6623,,1,0
Game Engine,Video Game Publishing,Directed,6624,,1,0
Game Engine,Video Games In China,Directed,6625,,1,0
Game Engine,Video Games In Japan,Directed,6626,,1,0
Game Engine,Video Games In South Korea,Directed,6627,,1,0
Game Engine,Video Games In The United States,Directed,6628,,1,0
Game Engine,Video Game Genre,Directed,6629,,1,0
Massive Multiplayer Online Role-Playing Game,4X,Directed,6630,,1,0
Massive Multiplayer Online Role-Playing Game,Aaa (Video Game Industry),Directed,6631,,1,0
Massive Multiplayer Online Role-Playing Game,Action-Adventure Game,Directed,6632,,1,0
Massive Multiplayer Online Role-Playing Game,Action Game,Directed,6633,,1,0
Massive Multiplayer Online Role-Playing Game,Action Role-Playing Game,Directed,6634,,1,0
Massive Multiplayer Online Role-Playing Game,Adventure Game,Directed,6635,,1,0
Massive Multiplayer Online Role-Playing Game,Advergame,Directed,6636,,1,0
Massive Multiplayer Online Role-Playing Game,Age Of Conan,Directed,6637,,1,0
Massive Multiplayer Online Role-Playing Game,Arena Shooter,Directed,6638,,1,0
Massive Multiplayer Online Role-Playing Game,Art Game,Directed,6639,,1,0
Massive Multiplayer Online Role-Playing Game,Artillery Game,Directed,6640,,1,0
Massive Multiplayer Online Role-Playing Game,Augmented Reality,Directed,6641,,1,0
Massive Multiplayer Online Role-Playing Game,Auto Battler,Directed,6642,,1,0
Massive Multiplayer Online Role-Playing Game,Battle Royale Game,Directed,6643,,1,0
Massive Multiplayer Online Role-Playing Game,Beat 'Em Up,Directed,6644,,1,0
Massive Multiplayer Online Role-Playing Game,Bishōjo Game,Directed,6645,,1,0
Massive Multiplayer Online Role-Playing Game,Blizzard Entertainment,Directed,6646,,1,0
Massive Multiplayer Online Role-Playing Game,Browser Game,Directed,6647,,1,0
Massive Multiplayer Online Role-Playing Game,Bullet Hell,Directed,6648,,1,0
Massive Multiplayer Online Role-Playing Game,Business Simulation Game,Directed,6649,,1,0
Massive Multiplayer Online Role-Playing Game,Casual Game,Directed,6650,,1,0
Massive Multiplayer Online Role-Playing Game,Character Creation,Directed,6651,,1,0
Massive Multiplayer Online Role-Playing Game,Cheating In Online Games,Directed,6652,,1,0
Massive Multiplayer Online Role-Playing Game,Christian Video Game,Directed,6653,,1,0
Massive Multiplayer Online Role-Playing Game,City-Building Game,Directed,6654,,1,0
Massive Multiplayer Online Role-Playing Game,Climate Change Video Game,Directed,6655,,1,0
Massive Multiplayer Online Role-Playing Game,Combat Flight Simulation Game,Directed,6656,,1,0
Massive Multiplayer Online Role-Playing Game,Comedy In Video Games,Directed,6657,,1,0
Massive Multiplayer Online Role-Playing Game,Computer Wargame,Directed,6658,,1,0
Massive Multiplayer Online Role-Playing Game,Construction And Management Simulation,Directed,6659,,1,0
Massive Multiplayer Online Role-Playing Game,Cooperative Video Game,Directed,6660,,1,0
Massive Multiplayer Online Role-Playing Game,Cozy Game,Directed,6661,,1,0
Massive Multiplayer Online Role-Playing Game,Dating Sim,Directed,6662,,1,0
Massive Multiplayer Online Role-Playing Game,Deck-Building Game,Directed,6663,,1,0
Massive Multiplayer Online Role-Playing Game,Dialogue Tree,Directed,6664,,1,0
Massive Multiplayer Online Role-Playing Game,Digital Collectible Card Game,Directed,6665,,1,0
Massive Multiplayer Online Role-Playing Game,Digital Tabletop Game,Directed,6666,,1,0
Massive Multiplayer Online Role-Playing Game,Doi (Identifier),Directed,6667,,1,0
Massive Multiplayer Online Role-Playing Game,Doujin Soft,Directed,6668,,1,0
Massive Multiplayer Online Role-Playing Game,Dreamcast,Directed,6669,,1,0
Massive Multiplayer Online Role-Playing Game,Dungeon Crawl,Directed,6670,,1,0
Massive Multiplayer Online Role-Playing Game,Dungeons & Dragons,Directed,6671,,1,0
Massive Multiplayer Online Role-Playing Game,Eve Online,Directed,6672,,1,0
Massive Multiplayer Online Role-Playing Game,Educational Video Game,Directed,6673,,1,0
Massive Multiplayer Online Role-Playing Game,Emergent Gameplay,Directed,6674,,1,0
Massive Multiplayer Online Role-Playing Game,Endless Runner,Directed,6675,,1,0
Massive Multiplayer Online Role-Playing Game,Eroge,Directed,6676,,1,0
Massive Multiplayer Online Role-Playing Game,Escape Room Video Game,Directed,6677,,1,0
Massive Multiplayer Online Role-Playing Game,Esports,Directed,6678,,1,0
Massive Multiplayer Online Role-Playing Game,Everquest,Directed,6679,,1,0
Massive Multiplayer Online Role-Playing Game,Falling-Sand Game,Directed,6680,,1,0
Massive Multiplayer Online Role-Playing Game,Fan Game,Directed,6681,,1,0
Massive Multiplayer Online Role-Playing Game,Fantasy,Directed,6682,,1,0
Massive Multiplayer Online Role-Playing Game,Farm Life Sim,Directed,6683,,1,0
Massive Multiplayer Online Role-Playing Game,Fighting Game,Directed,6684,,1,0
Massive Multiplayer Online Role-Playing Game,Final Fantasy Xi,Directed,6685,,1,0
Massive Multiplayer Online Role-Playing Game,First-Person Shooter,Directed,6686,,1,0
Massive Multiplayer Online Role-Playing Game,Fishing Video Game,Directed,6687,,1,0
Massive Multiplayer Online Role-Playing Game,Fitness Game,Directed,6688,,1,0
Massive Multiplayer Online Role-Playing Game,Flight Simulation Video Game,Directed,6689,,1,0
Massive Multiplayer Online Role-Playing Game,Free-To-Play,Directed,6690,,1,0
Massive Multiplayer Online Role-Playing Game,Full-Motion Video,Directed,6691,,1,0
Massive Multiplayer Online Role-Playing Game,Gacha Game,Directed,6692,,1,0
Massive Multiplayer Online Role-Playing Game,Girls' Video Games,Directed,6693,,1,0
Massive Multiplayer Online Role-Playing Game,God Game,Directed,6694,,1,0
Massive Multiplayer Online Role-Playing Game,Government Simulation Game,Directed,6695,,1,0
Massive Multiplayer Online Role-Playing Game,Grand Theft Auto Clone,Directed,6696,,1,0
Massive Multiplayer Online Role-Playing Game,Grand Strategy Wargame,Directed,6697,,1,0
Massive Multiplayer Online Role-Playing Game,Guild Wars,Directed,6698,,1,0
Massive Multiplayer Online Role-Playing Game,Hack And Slash,Directed,6699,,1,0
Massive Multiplayer Online Role-Playing Game,Hero Shooter,Directed,6700,,1,0
Massive Multiplayer Online Role-Playing Game,Hidden Object Game,Directed,6701,,1,0
Massive Multiplayer Online Role-Playing Game,History Of Massively Multiplayer Online Games,Directed,6702,,1,0
Massive Multiplayer Online Role-Playing Game,History Of Online Games,Directed,6703,,1,0
Massive Multiplayer Online Role-Playing Game,Horror Game,Directed,6704,,1,0
Massive Multiplayer Online Role-Playing Game,Hypercasual Game,Directed,6705,,1,0
Massive Multiplayer Online Role-Playing Game,Isbn (Identifier),Directed,6706,,1,0
Massive Multiplayer Online Role-Playing Game,Issn (Identifier),Directed,6707,,1,0
Massive Multiplayer Online Role-Playing Game,Immersive Sim,Directed,6708,,1,0
Massive Multiplayer Online Role-Playing Game,Incremental Game,Directed,6709,,1,0
Massive Multiplayer Online Role-Playing Game,Indie Game,Directed,6710,,1,0
Massive Multiplayer Online Role-Playing Game,Ingress (Video Game),Directed,6711,,1,0
Massive Multiplayer Online Role-Playing Game,Interactive Fiction,Directed,6712,,1,0
Massive Multiplayer Online Role-Playing Game,Interactive Film,Directed,6713,,1,0
Massive Multiplayer Online Role-Playing Game,Kaizo,Directed,6714,,1,0
Massive Multiplayer Online Role-Playing Game,Kart Racing Game,Directed,6715,,1,0
Massive Multiplayer Online Role-Playing Game,Lag (Video Games),Directed,6716,,1,0
Massive Multiplayer Online Role-Playing Game,Licensed Game,Directed,6717,,1,0
Massive Multiplayer Online Role-Playing Game,Life Simulation Game,Directed,6718,,1,0
Massive Multiplayer Online Role-Playing Game,Light Gun Shooter,Directed,6719,,1,0
Massive Multiplayer Online Role-Playing Game,Lists Of Video Games,Directed,6720,,1,0
Massive Multiplayer Online Role-Playing Game,Looter Shooter,Directed,6721,,1,0
Massive Multiplayer Online Role-Playing Game,Lunar Lander (Video Game Genre),Directed,6722,,1,0
Massive Multiplayer Online Role-Playing Game,Masocore,Directed,6723,,1,0
Massive Multiplayer Online Role-Playing Game,Massively Multiplayer,Directed,6724,,1,0
Massive Multiplayer Online Role-Playing Game,Massively Multiplayer Online First-Person Shooter Game,Directed,6725,,1,0
Massive Multiplayer Online Role-Playing Game,Massively Multiplayer Online Game,Directed,6726,,1,0
Massive Multiplayer Online Role-Playing Game,Massively Multiplayer Online Real-Time Strategy Game,Directed,6727,,1,0
Massive Multiplayer Online Role-Playing Game,Maze Video Game,Directed,6728,,1,0
Massive Multiplayer Online Role-Playing Game,Metroidvania,Directed,6729,,1,0
Massive Multiplayer Online Role-Playing Game,Microtransactions,Directed,6730,,1,0
Massive Multiplayer Online Role-Playing Game,Minigame,Directed,6731,,1,0
Massive Multiplayer Online Role-Playing Game,Mob (Computer Gaming),Directed,6732,,1,0
Massive Multiplayer Online Role-Playing Game,Monster-Taming Game,Directed,6733,,1,0
Massive Multiplayer Online Role-Playing Game,Multi-User Dungeon,Directed,6734,,1,0
Massive Multiplayer Online Role-Playing Game,Multiplayer Online Battle Arena,Directed,6735,,1,0
Massive Multiplayer Online Role-Playing Game,Multiplayer Video Game,Directed,6736,,1,0
Massive Multiplayer Online Role-Playing Game,Music Video Game,Directed,6737,,1,0
Massive Multiplayer Online Role-Playing Game,Newsgame,Directed,6738,,1,0
Massive Multiplayer Online Role-Playing Game,Non-Game,Directed,6739,,1,0
Massive Multiplayer Online Role-Playing Game,Non-Player Character,Directed,6740,,1,0
Massive Multiplayer Online Role-Playing Game,Nonlinear Gameplay,Directed,6741,,1,0
Massive Multiplayer Online Role-Playing Game,Nonviolent Video Game,Directed,6742,,1,0
Massive Multiplayer Online Role-Playing Game,Online Game,Directed,6743,,1,0
Massive Multiplayer Online Role-Playing Game,Open-Source Software,Directed,6744,,1,0
Massive Multiplayer Online Role-Playing Game,Open World,Directed,6745,,1,0
Massive Multiplayer Online Role-Playing Game,Otome Game,Directed,6746,,1,0
Massive Multiplayer Online Role-Playing Game,Party Video Game,Directed,6747,,1,0
Massive Multiplayer Online Role-Playing Game,Persistent World,Directed,6748,,1,0
Massive Multiplayer Online Role-Playing Game,Personalized Video Game,Directed,6749,,1,0
Massive Multiplayer Online Role-Playing Game,Phantasy Star Online,Directed,6750,,1,0
Massive Multiplayer Online Role-Playing Game,Photography Game,Directed,6751,,1,0
Massive Multiplayer Online Role-Playing Game,Platform Fighter,Directed,6752,,1,0
Massive Multiplayer Online Role-Playing Game,Platformer,Directed,6753,,1,0
Massive Multiplayer Online Role-Playing Game,Playstation 2,Directed,6754,,1,0
Massive Multiplayer Online Role-Playing Game,Player Character,Directed,6755,,1,0
Massive Multiplayer Online Role-Playing Game,Player Versus Player,Directed,6756,,1,0
Massive Multiplayer Online Role-Playing Game,Programming Game,Directed,6757,,1,0
Massive Multiplayer Online Role-Playing Game,Puzzle Video Game,Directed,6758,,1,0
Massive Multiplayer Online Role-Playing Game,Quest (Gaming),Directed,6759,,1,0
Massive Multiplayer Online Role-Playing Game,Quest (Video Games),Directed,6760,,1,0
Massive Multiplayer Online Role-Playing Game,Racing Game,Directed,6761,,1,0
Massive Multiplayer Online Role-Playing Game,Raid (Gaming),Directed,6762,,1,0
Massive Multiplayer Online Role-Playing Game,Rail Shooter,Directed,6763,,1,0
Massive Multiplayer Online Role-Playing Game,Raph Koster,Directed,6764,,1,0
Massive Multiplayer Online Role-Playing Game,Real-Time Strategy,Directed,6765,,1,0
Massive Multiplayer Online Role-Playing Game,Real-Time Tactics,Directed,6766,,1,0
Massive Multiplayer Online Role-Playing Game,Rhythm Game,Directed,6767,,1,0
Massive Multiplayer Online Role-Playing Game,Richard Garriott,Directed,6768,,1,0
Massive Multiplayer Online Role-Playing Game,Roguelike,Directed,6769,,1,0
Massive Multiplayer Online Role-Playing Game,Roguelike Deck-Building Game,Directed,6770,,1,0
Massive Multiplayer Online Role-Playing Game,Role-Playing Video Game,Directed,6771,,1,0
Massive Multiplayer Online Role-Playing Game,Runescape,Directed,6772,,1,0
Massive Multiplayer Online Role-Playing Game,S2Cid (Identifier),Directed,6773,,1,0
Massive Multiplayer Online Role-Playing Game,Sandbox Game,Directed,6774,,1,0
Massive Multiplayer Online Role-Playing Game,Science-Fiction,Directed,6775,,1,0
Massive Multiplayer Online Role-Playing Game,Science Fiction Video Game,Directed,6776,,1,0
Massive Multiplayer Online Role-Playing Game,Second Life,Directed,6777,,1,0
Massive Multiplayer Online Role-Playing Game,Serious Game,Directed,6778,,1,0
Massive Multiplayer Online Role-Playing Game,Sexual Content In Video Games,Directed,6779,,1,0
Massive Multiplayer Online Role-Playing Game,Shoot 'Em Up,Directed,6780,,1,0
Massive Multiplayer Online Role-Playing Game,Shooter Game,Directed,6781,,1,0
Massive Multiplayer Online Role-Playing Game,Side-Scrolling Video Game,Directed,6782,,1,0
Massive Multiplayer Online Role-Playing Game,Sim Racing,Directed,6783,,1,0
Massive Multiplayer Online Role-Playing Game,Simulation Video Game,Directed,6784,,1,0
Massive Multiplayer Online Role-Playing Game,Single-Player Video Game,Directed,6785,,1,0
Massive Multiplayer Online Role-Playing Game,Smartphone,Directed,6786,,1,0
Massive Multiplayer Online Role-Playing Game,Snake (Video Game Genre),Directed,6787,,1,0
Massive Multiplayer Online Role-Playing Game,Social Interaction In Mmorpgs,Directed,6788,,1,0
Massive Multiplayer Online Role-Playing Game,Social Networking Service,Directed,6789,,1,0
Massive Multiplayer Online Role-Playing Game,Social Simulation Game,Directed,6790,,1,0
Massive Multiplayer Online Role-Playing Game,Soulslike,Directed,6791,,1,0
Massive Multiplayer Online Role-Playing Game,Space Flight Simulation Game,Directed,6792,,1,0
Massive Multiplayer Online Role-Playing Game,Sports Video Game,Directed,6793,,1,0
Massive Multiplayer Online Role-Playing Game,Statistic (Role-Playing Games),Directed,6794,,1,0
Massive Multiplayer Online Role-Playing Game,Stealth Game,Directed,6795,,1,0
Massive Multiplayer Online Role-Playing Game,Strategy Video Game,Directed,6796,,1,0
Massive Multiplayer Online Role-Playing Game,Submarine Simulator,Directed,6797,,1,0
Massive Multiplayer Online Role-Playing Game,Survival Game,Directed,6798,,1,0
Massive Multiplayer Online Role-Playing Game,Survival Horror,Directed,6799,,1,0
Massive Multiplayer Online Role-Playing Game,Tactical Role-Playing Game,Directed,6800,,1,0
Massive Multiplayer Online Role-Playing Game,Tactical Shooter,Directed,6801,,1,0
Massive Multiplayer Online Role-Playing Game,The Realm Online,Directed,6802,,1,0
Massive Multiplayer Online Role-Playing Game,Third-Person Shooter,Directed,6803,,1,0
Massive Multiplayer Online Role-Playing Game,Tile-Matching Video Game,Directed,6804,,1,0
Massive Multiplayer Online Role-Playing Game,Time Management Game,Directed,6805,,1,0
Massive Multiplayer Online Role-Playing Game,Tower Defense,Directed,6806,,1,0
Massive Multiplayer Online Role-Playing Game,Toys-To-Life,Directed,6807,,1,0
Massive Multiplayer Online Role-Playing Game,Train Simulator,Directed,6808,,1,0
Massive Multiplayer Online Role-Playing Game,Turn-Based Role-Playing Game,Directed,6809,,1,0
Massive Multiplayer Online Role-Playing Game,Turn-Based Strategy,Directed,6810,,1,0
Massive Multiplayer Online Role-Playing Game,Turn-Based Tactics,Directed,6811,,1,0
Massive Multiplayer Online Role-Playing Game,Twin-Stick Shooter,Directed,6812,,1,0
Massive Multiplayer Online Role-Playing Game,Twitch Gameplay,Directed,6813,,1,0
Massive Multiplayer Online Role-Playing Game,Typing Game,Directed,6814,,1,0
Massive Multiplayer Online Role-Playing Game,User-Generated Content,Directed,6815,,1,0
Massive Multiplayer Online Role-Playing Game,Vampire Survivors-Like,Directed,6816,,1,0
Massive Multiplayer Online Role-Playing Game,Vehicle Simulation Game,Directed,6817,,1,0
Massive Multiplayer Online Role-Playing Game,Vehicular Combat Game,Directed,6818,,1,0
Massive Multiplayer Online Role-Playing Game,Vertically Scrolling Video Game,Directed,6819,,1,0
Massive Multiplayer Online Role-Playing Game,Video Game,Directed,6820,,1,0
Massive Multiplayer Online Role-Playing Game,Video Game Clone,Directed,6821,,1,0
Massive Multiplayer Online Role-Playing Game,Video Game Console,Directed,6822,,1,0
Massive Multiplayer Online Role-Playing Game,Video Game Genre,Directed,6823,,1,0
Massive Multiplayer Online Role-Playing Game,Video Game Modding,Directed,6824,,1,0
Massive Multiplayer Online Role-Playing Game,Video Game Publisher,Directed,6825,,1,0
Massive Multiplayer Online Role-Playing Game,Video Game Remake,Directed,6826,,1,0
Massive Multiplayer Online Role-Playing Game,Virtual Economy,Directed,6827,,1,0
Massive Multiplayer Online Role-Playing Game,Virtual Pet,Directed,6828,,1,0
Massive Multiplayer Online Role-Playing Game,Virtual Tax,Directed,6829,,1,0
Massive Multiplayer Online Role-Playing Game,Virtual World,Directed,6830,,1,0
Massive Multiplayer Online Role-Playing Game,Visual Novel,Directed,6831,,1,0
Massive Multiplayer Online Role-Playing Game,Walking Simulator,Directed,6832,,1,0
Massive Multiplayer Online Role-Playing Game,Wayback Machine,Directed,6833,,1,0
Massive Multiplayer Online Role-Playing Game,World Of Warcraft,Directed,6834,,1,0
Massive Multiplayer Online Role-Playing Game,Instance Dungeon,Directed,6835,,1,0
Massive Multiplayer Online Role-Playing Game,Experience Point,Directed,6836,,1,0
Video Game Developer,Aaa (Video Game Industry),Directed,6837,,1,0
Video Game Developer,Advergame,Directed,6838,,1,0
Video Game Developer,Advertising In Video Games,Directed,6839,,1,0
Video Game Developer,Arcade Video Game,Directed,6840,,1,0
Video Game Developer,Art Game,Directed,6841,,1,0
Video Game Developer,Artificial Intelligence In Video Games,Directed,6842,,1,0
Video Game Developer,Battle Pass,Directed,6843,,1,0
Video Game Developer,Blizzard Entertainment,Directed,6844,,1,0
Video Game Developer,Buy-To-Play,Directed,6845,,1,0
Video Game Developer,Casual Game,Directed,6846,,1,0
Video Game Developer,Cloud Gaming,Directed,6847,,1,0
Video Game Developer,Copy Protection,Directed,6848,,1,0
Video Game Developer,Crowdfunding In Video Games,Directed,6849,,1,0
Video Game Developer,Digital Distribution Of Video Games,Directed,6850,,1,0
Video Game Developer,Digital Rights Management,Directed,6851,,1,0
Video Game Developer,Doi (Identifier),Directed,6852,,1,0
Video Game Developer,Downloadable Content,Directed,6853,,1,0
Video Game Developer,Early Access,Directed,6854,,1,0
Video Game Developer,Educational Video Game,Directed,6855,,1,0
Video Game Developer,Electronic Arts,Directed,6856,,1,0
Video Game Developer,Episodic Video Game,Directed,6857,,1,0
Video Game Developer,Eurogamer,Directed,6858,,1,0
Video Game Developer,Exergaming,Directed,6859,,1,0
Video Game Developer,Expansion Pack,Directed,6860,,1,0
Video Game Developer,Free-To-Play,Directed,6861,,1,0
Video Game Developer,Gacha Game,Directed,6862,,1,0
Video Game Developer,Gamasutra,Directed,6863,,1,0
Video Game Developer,Game Art Design,Directed,6864,,1,0
Video Game Developer,Game Creation System,Directed,6865,,1,0
Video Game Developer,Game Design,Directed,6866,,1,0
Video Game Developer,Game Engine,Directed,6867,,1,0
Video Game Developer,Game Studies,Directed,6868,,1,0
Video Game Developer,Game Testing,Directed,6869,,1,0
Video Game Developer,Isbn (Identifier),Directed,6870,,1,0
Video Game Developer,In-Game Advertising,Directed,6871,,1,0
Video Game Developer,In-Game Currency,Directed,6872,,1,0
Video Game Developer,Indie Game,Directed,6873,,1,0
Video Game Developer,Intellectual Property Protection Of Video Games,Directed,6874,,1,0
Video Game Developer,Interactive Movie,Directed,6875,,1,0
Video Game Developer,Internet,Directed,6876,,1,0
Video Game Developer,Level (Video Games),Directed,6877,,1,0
Video Game Developer,Live Service Game,Directed,6878,,1,0
Video Game Developer,Loot Box,Directed,6879,,1,0
Video Game Developer,Microtransactions,Directed,6880,,1,0
Video Game Developer,Middleware,Directed,6881,,1,0
Video Game Developer,Nintendo,Directed,6882,,1,0
Video Game Developer,Non-Game,Directed,6883,,1,0
Video Game Developer,Nonviolent Video Game,Directed,6884,,1,0
Video Game Developer,Porting,Directed,6885,,1,0
Video Game Developer,Season Pass (Video Games),Directed,6886,,1,0
Video Game Developer,Serious Game,Directed,6887,,1,0
Video Game Developer,Sex And Nudity In Video Games,Directed,6888,,1,0
Video Game Developer,Shigeru Miyamoto,Directed,6889,,1,0
Video Game Developer,Video Game,Directed,6890,,1,0
Video Game Developer,Video Game Accessory,Directed,6891,,1,0
Video Game Developer,Video Game Censorship,Directed,6892,,1,0
Video Game Developer,Video Game Clone,Directed,6893,,1,0
Video Game Developer,Video Game Console,Directed,6894,,1,0
Video Game Developer,Video Game Content Rating System,Directed,6895,,1,0
Video Game Developer,Video Game Design,Directed,6896,,1,0
Video Game Developer,Video Game Development,Directed,6897,,1,0
Video Game Developer,Video Game Graphics,Directed,6898,,1,0
Video Game Developer,Video Game Industry,Directed,6899,,1,0
Video Game Developer,Video Game Journalism,Directed,6900,,1,0
Video Game Developer,Video Game Localization,Directed,6901,,1,0
Video Game Developer,Video Game Monetization,Directed,6902,,1,0
Video Game Developer,Video Game Music,Directed,6903,,1,0
Video Game Developer,Video Game Piracy,Directed,6904,,1,0
Video Game Developer,Video Game Producer,Directed,6905,,1,0
Video Game Developer,Video Game Programmer,Directed,6906,,1,0
Video Game Developer,Video Game Programming,Directed,6907,,1,0
Video Game Developer,Video Game Publisher,Directed,6908,,1,0
Video Game Developer,Video Game Publishing,Directed,6909,,1,0
Video Game Developer,Video Games In China,Directed,6910,,1,0
Video Game Developer,Video Games In Japan,Directed,6911,,1,0
Video Game Developer,Video Games In South Korea,Directed,6912,,1,0
Video Game Developer,Video Games In The United States,Directed,6913,,1,0
Video Game Developer,Wayback Machine,Directed,6914,,1,0
Video Game Developer,World Of Warcraft,Directed,6915,,1,0
Gravity (Korean Company),Blizzard Entertainment,Directed,6916,,1,0
Gravity (Korean Company),Massively Multiplayer Online Role-Playing Game,Directed,6917,,1,0
Gravity (Korean Company),Ragnarok Online,Directed,6918,,1,0
Gravity (Korean Company),Video Game,Directed,6919,,1,0
